series_id,date,value
CN_10Y_YIELD,2024-08-29,2.1703
CN_10Y_YIELD,2024-08-30,2.1704
CN_10Y_YIELD,2024-09-02,2.1457
CN_10Y_YIELD,2024-09-03,2.1432
CN_10Y_YIELD,2024-09-04,2.1336
CN_10Y_YIELD,2024-09-05,2.1338
CN_10Y_YIELD,2024-09-06,2.1388
CN_10Y_YIELD,2024-09-09,2.1267
CN_10Y_YIELD,2024-09-10,2.1143
CN_10Y_YIELD,2024-09-11,2.1044
CN_10Y_YIELD,2024-09-12,2.0998
CN_10Y_YIELD,2024-09-13,2.0724
CN_10Y_YIELD,2024-09-14,2.0425
CN_10Y_YIELD,2024-09-18,2.0403
CN_10Y_YIELD,2024-09-19,2.045
CN_10Y_YIELD,2024-09-20,2.0431
CN_10Y_YIELD,2024-09-23,2.0381
CN_10Y_YIELD,2024-09-24,2.0728
CN_10Y_YIELD,2024-09-25,2.0437
CN_10Y_YIELD,2024-09-26,2.0787
CN_10Y_YIELD,2024-09-27,2.1714
CN_10Y_YIELD,2024-09-29,2.2534
CN_10Y_YIELD,2024-09-30,2.1518
CN_10Y_YIELD,2024-10-08,2.1928
CN_10Y_YIELD,2024-10-09,2.176
CN_10Y_YIELD,2024-10-10,2.1441
CN_10Y_YIELD,2024-10-11,2.1392
CN_10Y_YIELD,2024-10-12,2.1441
CN_10Y_YIELD,2024-10-14,2.1368
CN_10Y_YIELD,2024-10-15,2.1254
CN_10Y_YIELD,2024-10-16,2.1331
CN_10Y_YIELD,2024-10-17,2.1084
CN_10Y_YIELD,2024-10-18,2.1209
CN_10Y_YIELD,2024-10-21,2.1211
CN_10Y_YIELD,2024-10-22,2.1458
CN_10Y_YIELD,2024-10-23,2.1559
CN_10Y_YIELD,2024-10-24,2.1661
CN_10Y_YIELD,2024-10-25,2.1539
CN_10Y_YIELD,2024-10-28,2.1617
CN_10Y_YIELD,2024-10-29,2.1598
CN_10Y_YIELD,2024-10-30,2.1597
CN_10Y_YIELD,2024-10-31,2.1476
CN_10Y_YIELD,2024-11-01,2.1406
CN_10Y_YIELD,2024-11-04,2.1275
CN_10Y_YIELD,2024-11-05,2.1106
CN_10Y_YIELD,2024-11-06,2.1234
CN_10Y_YIELD,2024-11-07,2.1115
CN_10Y_YIELD,2024-11-08,2.1067
CN_10Y_YIELD,2024-11-11,2.092
CN_10Y_YIELD,2024-11-12,2.0729
CN_10Y_YIELD,2024-11-13,2.0876
CN_10Y_YIELD,2024-11-14,2.0808
CN_10Y_YIELD,2024-11-15,2.0948
CN_10Y_YIELD,2024-11-18,2.1117
CN_10Y_YIELD,2024-11-19,2.0947
CN_10Y_YIELD,2024-11-20,2.1025
CN_10Y_YIELD,2024-11-21,2.0843
CN_10Y_YIELD,2024-11-22,2.0832
CN_10Y_YIELD,2024-11-25,2.0682
CN_10Y_YIELD,2024-11-26,2.0657
CN_10Y_YIELD,2024-11-27,2.0553
CN_10Y_YIELD,2024-11-28,2.0304
CN_10Y_YIELD,2024-11-29,2.0206
CN_10Y_YIELD,2024-12-02,1.981
CN_10Y_YIELD,2024-12-03,1.9886
CN_10Y_YIELD,2024-12-04,1.9612
CN_10Y_YIELD,2024-12-05,1.9462
CN_10Y_YIELD,2024-12-06,1.9539
CN_10Y_YIELD,2024-12-09,1.9168
CN_10Y_YIELD,2024-12-10,1.8468
CN_10Y_YIELD,2024-12-11,1.8218
CN_10Y_YIELD,2024-12-12,1.8172
CN_10Y_YIELD,2024-12-13,1.7771
CN_10Y_YIELD,2024-12-16,1.7215
CN_10Y_YIELD,2024-12-17,1.7237
CN_10Y_YIELD,2024-12-18,1.7564
CN_10Y_YIELD,2024-12-19,1.7417
CN_10Y_YIELD,2024-12-20,1.7018
CN_10Y_YIELD,2024-12-23,1.7019
CN_10Y_YIELD,2024-12-24,1.7166
CN_10Y_YIELD,2024-12-25,1.7365
CN_10Y_YIELD,2024-12-26,1.7122
CN_10Y_YIELD,2024-12-27,1.6929
CN_10Y_YIELD,2024-12-30,1.7128
CN_10Y_YIELD,2024-12-31,1.6752
CN_10Y_YIELD,2025-01-02,1.6077
CN_10Y_YIELD,2025-01-03,1.6041
CN_10Y_YIELD,2025-01-06,1.5966
CN_10Y_YIELD,2025-01-07,1.6093
CN_10Y_YIELD,2025-01-08,1.6069
CN_10Y_YIELD,2025-01-09,1.6368
CN_10Y_YIELD,2025-01-10,1.6338
CN_10Y_YIELD,2025-01-13,1.6592
CN_10Y_YIELD,2025-01-14,1.6446
CN_10Y_YIELD,2025-01-15,1.633
CN_10Y_YIELD,2025-01-16,1.6394
CN_10Y_YIELD,2025-01-17,1.6593
CN_10Y_YIELD,2025-01-20,1.6747
CN_10Y_YIELD,2025-01-21,1.6496
CN_10Y_YIELD,2025-01-22,1.6602
CN_10Y_YIELD,2025-01-23,1.6645
CN_10Y_YIELD,2025-01-24,1.6565
CN_10Y_YIELD,2025-01-26,1.6537
CN_10Y_YIELD,2025-01-27,1.6299
CN_10Y_YIELD,2025-02-05,1.6207
CN_10Y_YIELD,2025-02-06,1.5958
CN_10Y_YIELD,2025-02-07,1.6032
CN_10Y_YIELD,2025-02-08,1.6057
CN_10Y_YIELD,2025-02-10,1.6342
CN_10Y_YIELD,2025-02-11,1.6274
CN_10Y_YIELD,2025-02-12,1.6336
CN_10Y_YIELD,2025-02-13,1.6346
CN_10Y_YIELD,2025-02-14,1.6546
CN_10Y_YIELD,2025-02-17,1.6934
CN_10Y_YIELD,2025-02-18,1.7006
CN_10Y_YIELD,2025-02-19,1.6626
CN_10Y_YIELD,2025-02-20,1.685
CN_10Y_YIELD,2025-02-21,1.72
CN_10Y_YIELD,2025-02-24,1.7625
CN_10Y_YIELD,2025-02-25,1.7275
CN_10Y_YIELD,2025-02-26,1.7251
CN_10Y_YIELD,2025-02-27,1.7576
CN_10Y_YIELD,2025-02-28,1.7152
CN_10Y_YIELD,2025-03-03,1.6955
CN_10Y_YIELD,2025-03-04,1.7079
CN_10Y_YIELD,2025-03-05,1.7083
CN_10Y_YIELD,2025-03-06,1.7455
CN_10Y_YIELD,2025-03-07,1.8002
CN_10Y_YIELD,2025-03-10,1.8128
CN_10Y_YIELD,2025-03-11,1.8853
CN_10Y_YIELD,2025-03-12,1.8334
CN_10Y_YIELD,2025-03-13,1.8565
CN_10Y_YIELD,2025-03-14,1.8317
CN_10Y_YIELD,2025-03-17,1.8957
CN_10Y_YIELD,2025-03-18,1.8885
CN_10Y_YIELD,2025-03-19,1.8708
CN_10Y_YIELD,2025-03-20,1.8309
CN_10Y_YIELD,2025-03-21,1.8458
CN_10Y_YIELD,2025-03-24,1.8413
CN_10Y_YIELD,2025-03-25,1.8183
CN_10Y_YIELD,2025-03-26,1.7943
CN_10Y_YIELD,2025-03-27,1.8062
CN_10Y_YIELD,2025-03-28,1.8126
CN_10Y_YIELD,2025-03-31,1.8129
CN_10Y_YIELD,2025-04-01,1.8104
CN_10Y_YIELD,2025-04-02,1.7887
CN_10Y_YIELD,2025-04-03,1.718
CN_10Y_YIELD,2025-04-07,1.6318
CN_10Y_YIELD,2025-04-08,1.6633
CN_10Y_YIELD,2025-04-09,1.6508
CN_10Y_YIELD,2025-04-10,1.6444
CN_10Y_YIELD,2025-04-11,1.6568
CN_10Y_YIELD,2025-04-14,1.6584
CN_10Y_YIELD,2025-04-15,1.6583
CN_10Y_YIELD,2025-04-16,1.643
CN_10Y_YIELD,2025-04-17,1.6522
CN_10Y_YIELD,2025-04-18,1.6493
CN_10Y_YIELD,2025-04-21,1.6664
CN_10Y_YIELD,2025-04-22,1.6509
CN_10Y_YIELD,2025-04-23,1.6611
CN_10Y_YIELD,2025-04-24,1.664
CN_10Y_YIELD,2025-04-25,1.6606
CN_10Y_YIELD,2025-04-27,1.6607
CN_10Y_YIELD,2025-04-28,1.6483
CN_10Y_YIELD,2025-04-29,1.6241
CN_10Y_YIELD,2025-04-30,1.6243
CN_10Y_YIELD,2025-05-06,1.6298
CN_10Y_YIELD,2025-05-07,1.6418
CN_10Y_YIELD,2025-05-08,1.6331
CN_10Y_YIELD,2025-05-09,1.6351
CN_10Y_YIELD,2025-05-12,1.688
CN_10Y_YIELD,2025-05-13,1.6704
CN_10Y_YIELD,2025-05-14,1.6736
CN_10Y_YIELD,2025-05-15,1.6798
CN_10Y_YIELD,2025-05-16,1.6793
CN_10Y_YIELD,2025-05-19,1.6893
CN_10Y_YIELD,2025-05-20,1.7004
CN_10Y_YIELD,2025-05-21,1.71
CN_10Y_YIELD,2025-05-22,1.7186
CN_10Y_YIELD,2025-05-23,1.7208
CN_10Y_YIELD,2025-05-26,1.7201
CN_10Y_YIELD,2025-05-27,1.7261
CN_10Y_YIELD,2025-05-28,1.6832
CN_10Y_YIELD,2025-05-29,1.6877
CN_10Y_YIELD,2025-05-30,1.6712
CN_10Y_YIELD,2025-06-03,1.6764
CN_10Y_YIELD,2025-06-04,1.6704
CN_10Y_YIELD,2025-06-05,1.6741
CN_10Y_YIELD,2025-06-06,1.6547
CN_10Y_YIELD,2025-06-09,1.6559
CN_10Y_YIELD,2025-06-10,1.6569
CN_10Y_YIELD,2025-06-11,1.642
CN_10Y_YIELD,2025-06-12,1.6475
CN_10Y_YIELD,2025-06-13,1.644
CN_10Y_YIELD,2025-06-16,1.6432
CN_10Y_YIELD,2025-06-17,1.6364
CN_10Y_YIELD,2025-06-18,1.6384
CN_10Y_YIELD,2025-06-19,1.6425
CN_10Y_YIELD,2025-06-20,1.6396
CN_10Y_YIELD,2025-06-23,1.6418
CN_10Y_YIELD,2025-06-24,1.648
CN_10Y_YIELD,2025-06-25,1.6544
CN_10Y_YIELD,2025-06-26,1.6462
CN_10Y_YIELD,2025-06-27,1.6462
CN_10Y_YIELD,2025-06-30,1.6469
CN_10Y_YIELD,2025-07-01,1.6433
CN_10Y_YIELD,2025-07-02,1.6396
CN_10Y_YIELD,2025-07-03,1.6407
CN_10Y_YIELD,2025-07-04,1.6433
CN_10Y_YIELD,2025-07-07,1.6406
CN_10Y_YIELD,2025-07-08,1.6444
CN_10Y_YIELD,2025-07-09,1.6446
CN_10Y_YIELD,2025-07-10,1.6616
CN_10Y_YIELD,2025-07-11,1.6653
CN_10Y_YIELD,2025-07-14,1.6726
CN_10Y_YIELD,2025-07-15,1.6557
CN_10Y_YIELD,2025-07-16,1.6617
CN_10Y_YIELD,2025-07-17,1.663
CN_10Y_YIELD,2025-07-18,1.6652
CN_10Y_YIELD,2025-07-21,1.6774
CN_10Y_YIELD,2025-07-22,1.6907
CN_10Y_YIELD,2025-07-23,1.7041
CN_10Y_YIELD,2025-07-24,1.7376
CN_10Y_YIELD,2025-07-25,1.7324
CN_10Y_YIELD,2025-07-28,1.7146
CN_10Y_YIELD,2025-07-29,1.7466
CN_10Y_YIELD,2025-07-30,1.718
CN_10Y_YIELD,2025-07-31,1.7044
CN_10Y_YIELD,2025-08-01,1.7059
CN_10Y_YIELD,2025-08-04,1.7083
CN_10Y_YIELD,2025-08-05,1.7061
CN_10Y_YIELD,2025-08-06,1.6999
CN_10Y_YIELD,2025-08-07,1.6894
CN_10Y_YIELD,2025-08-08,1.6891
CN_10Y_YIELD,2025-08-11,1.7203
CN_10Y_YIELD,2025-08-12,1.7271
CN_10Y_YIELD,2025-08-13,1.7262
CN_10Y_YIELD,2025-08-14,1.7341
CN_10Y_YIELD,2025-08-15,1.7465
CN_10Y_YIELD,2025-08-18,1.7872
CN_10Y_YIELD,2025-08-19,1.7725
CN_10Y_YIELD,2025-08-20,1.782
CN_10Y_YIELD,2025-08-21,1.7667
CN_10Y_YIELD,2025-08-22,1.7818
CN_10Y_YIELD,2025-08-25,1.7643
CN_10Y_YIELD,2025-08-26,1.7598
CN_10Y_YIELD,2025-08-27,1.7988
CN_10Y_YIELD,2025-08-28,1.8478
CN_10Y_YIELD,2025-08-29,1.8379
CN_10Y_YIELD,2025-09-01,1.8257
CN_10Y_YIELD,2025-09-02,1.8167
CN_10Y_YIELD,2025-09-03,1.7984
CN_10Y_YIELD,2025-09-04,1.806
CN_10Y_YIELD,2025-09-05,1.826
CN_10Y_YIELD,2025-09-08,1.8514
CN_10Y_YIELD,2025-09-09,1.8641
CN_10Y_YIELD,2025-09-10,1.8992
CN_10Y_YIELD,2025-09-11,1.8743
CN_10Y_YIELD,2025-09-12,1.867
CN_10Y_YIELD,2025-09-15,1.8724
CN_10Y_YIELD,2025-09-16,1.8527
CN_10Y_YIELD,2025-09-17,1.8349
CN_10Y_YIELD,2025-09-18,1.8546
CN_10Y_YIELD,2025-09-19,1.8789
CN_10Y_YIELD,2025-09-22,1.8647
CN_10Y_YIELD,2025-09-23,1.877
CN_10Y_YIELD,2025-09-24,1.9022
CN_10Y_YIELD,2025-09-25,1.884
CN_10Y_YIELD,2025-09-26,1.8768
CN_10Y_YIELD,2025-09-28,1.8781
CN_10Y_YIELD,2025-09-29,1.887
CN_10Y_YIELD,2025-09-30,1.8605
CN_10Y_YIELD,2025-10-09,1.8466
CN_10Y_YIELD,2025-10-10,1.846
CN_10Y_YIELD,2025-10-11,1.8206
CN_10Y_YIELD,2025-10-13,1.8383
CN_10Y_YIELD,2025-10-14,1.8368
CN_10Y_YIELD,2025-10-15,1.8449
CN_10Y_YIELD,2025-10-16,1.8407
CN_10Y_YIELD,2025-10-17,1.8246
CN_10Y_YIELD,2025-10-20,1.8498
CN_10Y_YIELD,2025-10-21,1.8357
CN_10Y_YIELD,2025-10-22,1.8293
CN_10Y_YIELD,2025-10-23,1.8391
CN_10Y_YIELD,2025-10-24,1.8486
CN_10Y_YIELD,2025-10-27,1.8423
CN_10Y_YIELD,2025-10-28,1.8179
CN_10Y_YIELD,2025-10-29,1.8208
CN_10Y_YIELD,2025-10-30,1.8098
CN_10Y_YIELD,2025-10-31,1.7954
CN_10Y_YIELD,2025-11-03,1.7944
CN_10Y_YIELD,2025-11-04,1.7984
CN_10Y_YIELD,2025-11-05,1.7964
CN_10Y_YIELD,2025-11-06,1.81
CN_10Y_YIELD,2025-11-07,1.8142
CN_10Y_YIELD,2025-11-10,1.8139
CN_10Y_YIELD,2025-11-11,1.8119
CN_10Y_YIELD,2025-11-12,1.8071
CN_10Y_YIELD,2025-11-13,1.8126
CN_10Y_YIELD,2025-11-14,1.814
CN_10Y_YIELD,2025-11-17,1.8109
CN_10Y_YIELD,2025-11-18,1.8121
CN_10Y_YIELD,2025-11-19,1.8179
CN_10Y_YIELD,2025-11-20,1.8135
CN_10Y_YIELD,2025-11-21,1.8166
CN_10Y_YIELD,2025-11-24,1.821
CN_10Y_YIELD,2025-11-25,1.8301
CN_10Y_YIELD,2025-11-26,1.8462
CN_10Y_YIELD,2025-11-27,1.8537
CN_10Y_YIELD,2025-11-28,1.8412
CN_10Y_YIELD,2025-12-01,1.8366
CN_10Y_YIELD,2025-12-02,1.8442
CN_10Y_YIELD,2025-12-03,1.8519
CN_10Y_YIELD,2025-12-04,1.8718
CN_10Y_YIELD,2025-12-05,1.848
CN_10Y_YIELD,2025-12-08,1.8499
CN_10Y_YIELD,2025-12-09,1.8425
CN_10Y_YIELD,2025-12-10,1.8447
CN_10Y_YIELD,2025-12-11,1.8404
CN_10Y_YIELD,2025-12-12,1.8396
CN_10Y_YIELD,2025-12-15,1.8488
CN_10Y_YIELD,2025-12-16,1.8458
CN_10Y_YIELD,2025-12-17,1.834
CN_10Y_YIELD,2025-12-18,1.8356
CN_10Y_YIELD,2025-12-19,1.8308
CN_10Y_YIELD,2025-12-22,1.8415
CN_10Y_YIELD,2025-12-23,1.8352
CN_10Y_YIELD,2025-12-24,1.8356
CN_10Y_YIELD,2025-12-25,1.8386
CN_10Y_YIELD,2025-12-26,1.8376
CN_10Y_YIELD,2025-12-29,1.8584
CN_10Y_YIELD,2025-12-30,1.8582
CN_10Y_YIELD,2025-12-31,1.8473
CN_10Y_YIELD,2026-01-04,1.8427
CN_10Y_YIELD,2026-01-05,1.8584
CN_10Y_YIELD,2026-01-06,1.8829
CN_10Y_YIELD,2026-01-07,1.9019
CN_10Y_YIELD,2026-01-08,1.8905
CN_10Y_YIELD,2026-01-09,1.8782
CN_10Y_YIELD,2026-01-12,1.8585
CN_10Y_YIELD,2026-01-13,1.8519
CN_10Y_YIELD,2026-01-14,1.8494
CN_10Y_YIELD,2026-01-15,1.8544
CN_10Y_YIELD,2026-01-16,1.8424
CN_10Y_YIELD,2026-01-19,1.8393
CN_10Y_YIELD,2026-01-20,1.8326
CN_10Y_YIELD,2026-01-21,1.8312
CN_10Y_YIELD,2026-01-22,1.8425
CN_10Y_YIELD,2026-01-23,1.8298
CN_10Y_YIELD,2026-01-26,1.8242
CN_10Y_YIELD,2026-01-27,1.8311
CN_10Y_YIELD,2026-01-28,1.8164
CN_10Y_YIELD,2026-01-29,1.8174
CN_10Y_YIELD,2026-01-30,1.8112
CN_10Y_YIELD,2026-02-02,1.82
CN_10Y_YIELD,2026-02-03,1.8172
CN_10Y_YIELD,2026-02-04,1.8193
CN_10Y_YIELD,2026-02-05,1.8169
CN_10Y_YIELD,2026-02-06,1.8102
CN_10Y_YIELD,2026-02-09,1.8114
CN_10Y_YIELD,2026-02-10,1.8094
CN_10Y_YIELD,2026-02-11,1.7994
CN_10Y_YIELD,2026-02-12,1.7893
CN_10Y_YIELD,2026-02-13,1.7928
CN_10Y_YIELD,2026-02-14,1.7899
CN_10Y_YIELD,2026-02-24,1.8023
CN_10Y_YIELD,2026-02-25,1.8158
CN_10Y_YIELD,2026-02-26,1.8288
CN_10Y_YIELD,2026-02-27,1.7877
CN_10Y_YIELD,2026-02-28,1.7753
CN_10Y_YIELD,2026-03-02,1.7761
CN_10Y_YIELD,2026-03-03,1.7807
CN_10Y_YIELD,2026-03-04,1.7768
CN_10Y_YIELD,2026-03-05,1.7779
CN_10Y_YIELD,2026-03-06,1.781
CN_10Y_YIELD,2026-03-09,1.8054
CN_10Y_YIELD,2026-03-10,1.8055
CN_10Y_YIELD,2026-03-11,1.8075
CN_10Y_YIELD,2026-03-12,1.8052
CN_10Y_YIELD,2026-03-13,1.8143
CN_10Y_YIELD,2026-03-16,1.8312
CN_10Y_YIELD,2026-03-17,1.8314
CN_10Y_YIELD,2026-03-18,1.8175
CN_10Y_YIELD,2026-03-19,1.8252
CN_10Y_YIELD,2026-03-20,1.8299
CN_10Y_YIELD,2026-03-23,1.8316
CN_10Y_YIELD,2026-03-24,1.8272
CN_10Y_YIELD,2026-03-25,1.8233
CN_10Y_YIELD,2026-03-26,1.8194
CN_10Y_YIELD,2026-03-27,1.8172
CN_10Y_YIELD,2026-03-30,1.8063
CN_10Y_YIELD,2026-03-31,1.8171
CN_10Y_YIELD,2026-04-01,1.8244
CN_10Y_YIELD,2026-04-02,1.8209
CN_10Y_YIELD,2026-04-03,1.8199
CN_10Y_YIELD,2026-04-07,1.8171
CN_10Y_YIELD,2026-04-08,1.8136
CN_10Y_YIELD,2026-04-09,1.8192
CN_10Y_YIELD,2026-04-10,1.8128
CN_10Y_YIELD,2026-04-13,1.7933
CN_10Y_YIELD,2026-04-14,1.7829
CN_10Y_YIELD,2026-04-15,1.7809
CN_10Y_YIELD,2026-04-16,1.7812
CN_10Y_YIELD,2026-04-17,1.7623
CN_10Y_YIELD,2026-04-20,1.7627
CN_10Y_YIELD,2026-04-21,1.751
CN_10Y_YIELD,2026-04-22,1.7389
CN_10Y_YIELD,2026-04-23,1.7548
CN_10Y_YIELD,2026-04-24,1.7601
CN_10Y_YIELD,2026-04-27,1.7697
CN_10Y_YIELD,2026-04-28,1.7654
CN_10Y_YIELD,2026-04-29,1.7444
CN_10Y_YIELD,2026-04-30,1.7473
CN_10Y_YIELD,2026-05-06,1.7654
CN_10Y_YIELD,2026-05-07,1.7631
CN_10Y_YIELD,2026-05-08,1.7648
CN_10Y_YIELD,2026-05-09,1.767
CN_10Y_YIELD,2026-05-11,1.7622
CN_10Y_YIELD,2026-05-12,1.7592
CN_10Y_YIELD,2026-05-13,1.7514
CN_10Y_YIELD,2026-05-14,1.7588
CN_10Y_YIELD,2026-05-15,1.7658
CN_10Y_YIELD,2026-05-18,1.7585
CN_10Y_YIELD,2026-05-19,1.7345
CN_10Y_YIELD,2026-05-20,1.7382
CN_10Y_YIELD,2026-05-21,1.7448
CN_10Y_YIELD,2026-05-22,1.7519
CN_10Y_YIELD,2026-05-25,1.7484
CN_10Y_YIELD,2026-05-26,1.7405
CN_10Y_YIELD,2026-05-27,1.7216
CN_10Y_YIELD,2026-05-28,1.7193
CN_10Y_YIELD,2026-05-29,1.709
CN_10Y_YIELD,2026-06-01,1.7009
CN_10Y_YIELD,2026-06-02,1.7036
CN_10Y_YIELD,2026-06-03,1.7128
CN_10Y_YIELD,2026-06-04,1.7081
CN_10Y_YIELD,2026-06-05,1.7207
CN_10Y_YIELD,2026-06-08,1.7275
CN_10Y_YIELD,2026-06-09,1.7376
CN_10Y_YIELD,2026-06-10,1.7476
CN_10Y_YIELD,2026-06-11,1.7475
CN_10Y_YIELD,2026-06-12,1.7427
CN_10Y_YIELD,2026-06-15,1.7446
CN_10Y_YIELD,2026-06-16,1.7324
CN_10Y_YIELD,2026-06-17,1.727
CN_10Y_YIELD,2026-06-18,1.7299
CN_10Y_YIELD,2026-06-22,1.7375
CN_10Y_YIELD,2026-06-23,1.7437
CN_10Y_YIELD,2026-06-24,1.7454
CN_10Y_YIELD,2026-06-25,1.7351
CN_10Y_YIELD,2026-06-26,1.7314
CN_10Y_YIELD,2026-06-29,1.717
CN_10Y_YIELD,2026-06-30,1.733
CN_10Y_YIELD,2026-07-01,1.7448
CN_10Y_YIELD,2026-07-02,1.741
CN_10Y_YIELD,2026-07-03,1.7463
CN_10Y_YIELD,2026-07-06,1.7379
CN_10Y_YIELD,2026-07-07,1.7406
CN_10Y_YIELD,2026-07-08,1.7385
CN_10Y_YIELD,2026-07-09,1.7376
CN_10Y_YIELD,2026-07-10,1.7398
CN_10Y_YIELD,2026-07-13,1.7442
CN_10Y_YIELD,2026-07-14,1.7402
CN_10Y_YIELD,2026-07-15,1.7406
CN_10Y_YIELD,2026-07-16,1.7437
CN_10Y_YIELD,2026-07-17,1.7404
CN_CPI_YOY,2008-01-01,7.0781
CN_CPI_YOY,2008-02-01,8.7443
CN_CPI_YOY,2008-03-01,8.3097
CN_CPI_YOY,2008-04-01,8.4829
CN_CPI_YOY,2008-05-01,7.7163
CN_CPI_YOY,2008-06-01,7.0844
CN_CPI_YOY,2008-07-01,6.302
CN_CPI_YOY,2008-08-01,4.9001
CN_CPI_YOY,2008-09-01,4.6425
CN_CPI_YOY,2008-10-01,3.9744
CN_CPI_YOY,2008-11-01,2.434
CN_CPI_YOY,2008-12-01,1.1999
CN_CPI_YOY,2009-01-01,0.95
CN_CPI_YOY,2009-02-01,-1.5582
CN_CPI_YOY,2009-03-01,-1.1714
CN_CPI_YOY,2009-04-01,-1.5
CN_CPI_YOY,2009-05-01,-1.3713
CN_CPI_YOY,2009-06-01,-1.7
CN_CPI_YOY,2009-07-01,-1.8057
CN_CPI_YOY,2009-08-01,-1.2043
CN_CPI_YOY,2009-09-01,-0.7883
CN_CPI_YOY,2009-10-01,-0.53
CN_CPI_YOY,2009-11-01,0.56
CN_CPI_YOY,2009-12-01,1.8559
CN_CPI_YOY,2010-01-01,1.53
CN_CPI_YOY,2010-02-01,2.6953
CN_CPI_YOY,2010-03-01,2.3707
CN_CPI_YOY,2010-04-01,2.8136
CN_CPI_YOY,2010-05-01,3.0613
CN_CPI_YOY,2010-06-01,2.9499
CN_CPI_YOY,2010-07-01,3.3042
CN_CPI_YOY,2010-08-01,3.4794
CN_CPI_YOY,2010-09-01,3.6056
CN_CPI_YOY,2010-10-01,4.3655
CN_CPI_YOY,2010-11-01,5.1192
CN_CPI_YOY,2010-12-01,4.5859
CN_CPI_YOY,2011-01-01,4.9121
CN_CPI_YOY,2011-02-01,4.9443
CN_CPI_YOY,2011-03-01,5.383
CN_CPI_YOY,2011-04-01,5.3442
CN_CPI_YOY,2011-05-01,5.5146
CN_CPI_YOY,2011-06-01,6.3553
CN_CPI_YOY,2011-07-01,6.4508
CN_CPI_YOY,2011-08-01,6.1514
CN_CPI_YOY,2011-09-01,6.0671
CN_CPI_YOY,2011-10-01,5.4954
CN_CPI_YOY,2011-11-01,4.2246
CN_CPI_YOY,2011-12-01,4.0704
CN_CPI_YOY,2012-01-01,4.5485
CN_CPI_YOY,2012-02-01,3.1613
CN_CPI_YOY,2012-03-01,3.5856
CN_CPI_YOY,2012-04-01,3.3653
CN_CPI_YOY,2012-05-01,3.0008
CN_CPI_YOY,2012-06-01,2.1504
CN_CPI_YOY,2012-07-01,1.8
CN_CPI_YOY,2012-08-01,2
CN_CPI_YOY,2012-09-01,1.9
CN_CPI_YOY,2012-10-01,1.7
CN_CPI_YOY,2012-11-01,2
CN_CPI_YOY,2012-12-01,2.5
CN_CPI_YOY,2013-01-01,2
CN_CPI_YOY,2013-02-01,3.2
CN_CPI_YOY,2013-03-01,2.1
CN_CPI_YOY,2013-04-01,2.4
CN_CPI_YOY,2013-05-01,2.0981
CN_CPI_YOY,2013-06-01,2.7
CN_CPI_YOY,2013-07-01,2.7
CN_CPI_YOY,2013-08-01,2.6
CN_CPI_YOY,2013-09-01,3.1
CN_CPI_YOY,2013-10-01,3.2
CN_CPI_YOY,2013-11-01,3
CN_CPI_YOY,2013-12-01,2.49871692
CN_CPI_YOY,2014-01-01,2.5
CN_CPI_YOY,2014-02-01,2
CN_CPI_YOY,2014-03-01,2.4
CN_CPI_YOY,2014-04-01,1.80138144
CN_CPI_YOY,2014-05-01,2.5
CN_CPI_YOY,2014-06-01,2.3
CN_CPI_YOY,2014-07-01,2.3
CN_CPI_YOY,2014-08-01,2
CN_CPI_YOY,2014-09-01,1.6
CN_CPI_YOY,2014-10-01,1.60114868
CN_CPI_YOY,2014-11-01,1.4
CN_CPI_YOY,2014-12-01,1.5
CN_CPI_YOY,2015-01-01,0.8
CN_CPI_YOY,2015-02-01,1.4
CN_CPI_YOY,2015-03-01,1.4
CN_CPI_YOY,2015-04-01,1.5
CN_CPI_YOY,2015-05-01,1.2
CN_CPI_YOY,2015-06-01,1.4
CN_CPI_YOY,2015-07-01,1.6
CN_CPI_YOY,2015-08-01,2
CN_CPI_YOY,2015-09-01,1.59560463
CN_CPI_YOY,2015-10-01,1.3
CN_CPI_YOY,2015-11-01,1.5
CN_CPI_YOY,2015-12-01,1.6
CN_CPI_YOY,2016-01-01,1.8
CN_CPI_YOY,2016-02-01,2.3
CN_CPI_YOY,2016-03-01,2.3
CN_CPI_YOY,2016-04-01,2.3
CN_CPI_YOY,2016-05-01,2
CN_CPI_YOY,2016-06-01,1.9
CN_CPI_YOY,2016-07-01,1.8
CN_CPI_YOY,2016-08-01,1.3
CN_CPI_YOY,2016-09-01,1.9
CN_CPI_YOY,2016-10-01,2.1
CN_CPI_YOY,2016-11-01,2.3
CN_CPI_YOY,2016-12-01,2.1
CN_CPI_YOY,2017-01-01,2.5
CN_CPI_YOY,2017-02-01,0.8
CN_CPI_YOY,2017-03-01,0.9
CN_CPI_YOY,2017-04-01,1.2
CN_CPI_YOY,2017-05-01,1.5
CN_CPI_YOY,2017-06-01,1.5
CN_CPI_YOY,2017-07-01,1.4
CN_CPI_YOY,2017-08-01,1.8
CN_CPI_YOY,2017-09-01,1.6
CN_CPI_YOY,2017-10-01,1.9
CN_CPI_YOY,2017-11-01,1.7
CN_CPI_YOY,2017-12-01,1.8
CN_CPI_YOY,2018-01-01,1.5
CN_CPI_YOY,2018-02-01,2.9
CN_CPI_YOY,2018-03-01,2.1
CN_CPI_YOY,2018-04-01,1.8
CN_CPI_YOY,2018-05-01,1.8
CN_CPI_YOY,2018-06-01,1.9
CN_CPI_YOY,2018-07-01,2.1
CN_CPI_YOY,2018-08-01,2.3
CN_CPI_YOY,2018-09-01,2.5
CN_CPI_YOY,2018-10-01,2.5
CN_CPI_YOY,2018-11-01,2.2
CN_CPI_YOY,2018-12-01,1.9
CN_CPI_YOY,2019-01-01,1.7
CN_CPI_YOY,2019-02-01,1.5
CN_CPI_YOY,2019-03-01,2.3
CN_CPI_YOY,2019-04-01,2.5
CN_CPI_YOY,2019-05-01,2.7
CN_CPI_YOY,2019-06-01,2.7
CN_CPI_YOY,2019-07-01,2.8
CN_CPI_YOY,2019-08-01,2.8
CN_CPI_YOY,2019-09-01,3
CN_CPI_YOY,2019-10-01,3.8
CN_CPI_YOY,2019-11-01,4.5
CN_CPI_YOY,2019-12-01,4.5
CN_CPI_YOY,2020-01-01,5.4
CN_CPI_YOY,2020-02-01,5.2
CN_CPI_YOY,2020-03-01,4.3
CN_CPI_YOY,2020-04-01,3.3
CN_CPI_YOY,2020-05-01,2.4
CN_CPI_YOY,2020-06-01,2.5
CN_CPI_YOY,2020-07-01,2.7
CN_CPI_YOY,2020-08-01,2.4
CN_CPI_YOY,2020-09-01,1.7
CN_CPI_YOY,2020-10-01,0.5
CN_CPI_YOY,2020-11-01,-0.5
CN_CPI_YOY,2020-12-01,0.2
CN_CPI_YOY,2021-01-01,-0.3
CN_CPI_YOY,2021-02-01,-0.2
CN_CPI_YOY,2021-03-01,0.4
CN_CPI_YOY,2021-04-01,0.9
CN_CPI_YOY,2021-05-01,1.3
CN_CPI_YOY,2021-06-01,1.1
CN_CPI_YOY,2021-07-01,1
CN_CPI_YOY,2021-08-01,0.8
CN_CPI_YOY,2021-09-01,0.7
CN_CPI_YOY,2021-10-01,1.5
CN_CPI_YOY,2021-11-01,2.3
CN_CPI_YOY,2021-12-01,1.5
CN_CPI_YOY,2022-01-01,0.9
CN_CPI_YOY,2022-02-01,0.9
CN_CPI_YOY,2022-03-01,1.5
CN_CPI_YOY,2022-04-01,2.1
CN_CPI_YOY,2022-05-01,2.1
CN_CPI_YOY,2022-06-01,2.5
CN_CPI_YOY,2022-07-01,2.7
CN_CPI_YOY,2022-08-01,2.5
CN_CPI_YOY,2022-09-01,2.8
CN_CPI_YOY,2022-10-01,2.1
CN_CPI_YOY,2022-11-01,1.6
CN_CPI_YOY,2022-12-01,1.8
CN_CPI_YOY,2023-01-01,2.1
CN_CPI_YOY,2023-02-01,1
CN_CPI_YOY,2023-03-01,0.7
CN_CPI_YOY,2023-04-01,0.1
CN_CPI_YOY,2023-05-01,0.2
CN_CPI_YOY,2023-06-01,0
CN_CPI_YOY,2023-07-01,-0.3
CN_CPI_YOY,2023-08-01,0.1
CN_CPI_YOY,2023-09-01,0
CN_CPI_YOY,2023-10-01,-0.2
CN_CPI_YOY,2023-11-01,-0.5
CN_CPI_YOY,2023-12-01,-0.3
CN_CPI_YOY,2024-01-01,-0.8
CN_CPI_YOY,2024-02-01,0.7
CN_CPI_YOY,2024-03-01,0.1
CN_CPI_YOY,2024-04-01,0.3
CN_CPI_YOY,2024-05-01,0.3
CN_CPI_YOY,2024-06-01,0.2
CN_CPI_YOY,2024-07-01,0.5
CN_CPI_YOY,2024-08-01,0.6
CN_CPI_YOY,2024-09-01,0.4
CN_CPI_YOY,2024-10-01,0.3
CN_CPI_YOY,2024-11-01,0.2
CN_CPI_YOY,2024-12-01,0.1
CN_CPI_YOY,2025-01-01,0.5
CN_CPI_YOY,2025-02-01,-0.7
CN_CPI_YOY,2025-03-01,-0.1
CN_CPI_YOY,2025-04-01,-0.1
CN_CPI_YOY,2025-05-01,-0.1
CN_CPI_YOY,2025-06-01,0.1
CN_CPI_YOY,2025-07-01,0
CN_CPI_YOY,2025-08-01,-0.4
CN_CPI_YOY,2025-09-01,-0.3
CN_CPI_YOY,2025-10-01,0.2
CN_CPI_YOY,2025-11-01,0.7
CN_CPI_YOY,2025-12-01,0.8
CN_CPI_YOY,2026-01-01,0.2
CN_CPI_YOY,2026-02-01,1.3
CN_CPI_YOY,2026-03-01,1
CN_CPI_YOY,2026-04-01,1.2
CN_CPI_YOY,2026-05-01,1.2
CN_CPI_YOY,2026-06-01,1
CN_FAI_YOY,2013-03-01,21.52
CN_FAI_YOY,2013-04-01,19.84
CN_FAI_YOY,2013-05-01,19.68
CN_FAI_YOY,2013-06-01,19.91
CN_FAI_YOY,2013-07-01,20.25
CN_FAI_YOY,2013-08-01,21.43
CN_FAI_YOY,2013-09-01,19.64
CN_FAI_YOY,2013-10-01,19.24
CN_FAI_YOY,2013-11-01,17.57
CN_FAI_YOY,2013-12-01,17.22
CN_FAI_YOY,2014-03-01,17.34
CN_FAI_YOY,2014-04-01,16.64
CN_FAI_YOY,2014-05-01,16.91
CN_FAI_YOY,2014-06-01,17.86
CN_FAI_YOY,2014-07-01,15.64
CN_FAI_YOY,2014-08-01,13.31
CN_FAI_YOY,2014-09-01,11.52
CN_FAI_YOY,2014-10-01,13.92
CN_FAI_YOY,2014-11-01,13.36
CN_FAI_YOY,2014-12-01,12.58
CN_FAI_YOY,2015-03-01,13.13
CN_FAI_YOY,2015-04-01,9.58
CN_FAI_YOY,2015-05-01,9.92
CN_FAI_YOY,2015-06-01,11.57
CN_FAI_YOY,2015-07-01,9.88
CN_FAI_YOY,2015-08-01,9.11
CN_FAI_YOY,2015-09-01,6.83
CN_FAI_YOY,2015-10-01,9.34
CN_FAI_YOY,2015-11-01,10.8
CN_FAI_YOY,2015-12-01,6.81
CN_FAI_YOY,2016-03-01,11.16
CN_FAI_YOY,2016-04-01,10.08
CN_FAI_YOY,2016-05-01,7.44
CN_FAI_YOY,2016-06-01,7.29
CN_FAI_YOY,2016-07-01,3.89
CN_FAI_YOY,2016-08-01,8.19
CN_FAI_YOY,2016-09-01,9.02
CN_FAI_YOY,2016-10-01,8.75
CN_FAI_YOY,2016-11-01,8.77
CN_FAI_YOY,2016-12-01,6.52
CN_FAI_YOY,2017-03-01,9.54
CN_FAI_YOY,2017-04-01,8.13
CN_FAI_YOY,2017-05-01,7.83
CN_FAI_YOY,2017-06-01,8.77
CN_FAI_YOY,2017-07-01,6.51
CN_FAI_YOY,2017-08-01,3.84
CN_FAI_YOY,2017-09-01,6.21
CN_FAI_YOY,2017-10-01,3.16
CN_FAI_YOY,2017-11-01,5.77
CN_FAI_YOY,2017-12-01,-2.29
CN_FAI_YOY,2018-03-01,7.13
CN_FAI_YOY,2018-04-01,6.02
CN_FAI_YOY,2018-05-01,3.86
CN_FAI_YOY,2018-06-01,5.7
CN_FAI_YOY,2018-07-01,2.95
CN_FAI_YOY,2018-08-01,4.62
CN_FAI_YOY,2018-09-01,6.15
CN_FAI_YOY,2018-10-01,8.06
CN_FAI_YOY,2018-11-01,7.79
CN_FAI_YOY,2018-12-01,-53.43
CN_FAI_YOY,2019-03-01,1.58
CN_FAI_YOY,2019-04-01,0.52
CN_FAI_YOY,2019-05-01,0.2
CN_FAI_YOY,2019-06-01,0.33
CN_FAI_YOY,2019-07-01,-14.86
CN_FAI_YOY,2019-08-01,-12.84
CN_FAI_YOY,2019-09-01,-11.29
CN_FAI_YOY,2019-10-01,-22.53
CN_FAI_YOY,2019-11-01,-62.99
CN_FAI_YOY,2019-12-01,-32.65
CN_FAI_YOY,2020-03-01,-10.87
CN_FAI_YOY,2020-04-01,-2.22
CN_FAI_YOY,2020-05-01,0.91
CN_FAI_YOY,2020-06-01,1.06
CN_FAI_YOY,2020-07-01,-4.38
CN_FAI_YOY,2020-08-01,-4.09
CN_FAI_YOY,2020-09-01,-4.75
CN_FAI_YOY,2020-10-01,-5.87
CN_FAI_YOY,2020-11-01,-28.77
CN_FAI_YOY,2020-12-01,8.94
CN_FAI_YOY,2021-03-01,-0.13
CN_FAI_YOY,2021-04-01,-9.24
CN_FAI_YOY,2021-05-01,-19.65
CN_FAI_YOY,2021-06-01,-24.79
CN_FAI_YOY,2021-07-01,-2.05
CN_FAI_YOY,2021-08-01,-10.56
CN_FAI_YOY,2021-09-01,-11.75
CN_FAI_YOY,2021-10-01,2.64
CN_FAI_YOY,2021-11-01,196.65
CN_FAI_YOY,2021-12-01,160.84
CN_FAI_YOY,2022-03-01,6.6
CN_FAI_YOY,2022-04-01,1.8
CN_FAI_YOY,2022-05-01,4.6
CN_FAI_YOY,2022-06-01,5.62
CN_FAI_YOY,2022-07-01,3.75
CN_FAI_YOY,2022-08-01,6.57
CN_FAI_YOY,2022-09-01,6.66
CN_FAI_YOY,2022-10-01,4.27
CN_FAI_YOY,2022-11-01,0.67
CN_FAI_YOY,2022-12-01,3.23
CN_FAI_YOY,2023-03-01,-0.75
CN_FAI_YOY,2023-04-01,-17.41
CN_FAI_YOY,2023-05-01,-21.15
CN_FAI_YOY,2023-06-01,-17.06
CN_FAI_YOY,2023-07-01,-11.57
CN_FAI_YOY,2023-08-01,-13
CN_FAI_YOY,2023-09-01,-11.62
CN_FAI_YOY,2023-10-01,-11.34
CN_FAI_YOY,2023-11-01,-14.78
CN_FAI_YOY,2023-12-01,-18.95
CN_FAI_YOY,2024-03-01,-8.4
CN_FAI_YOY,2024-04-01,7.86
CN_FAI_YOY,2024-05-01,7.92
CN_FAI_YOY,2024-06-01,5.69
CN_FAI_YOY,2024-07-01,-1.32
CN_FAI_YOY,2024-08-01,1.53
CN_FAI_YOY,2024-09-01,3.33
CN_FAI_YOY,2024-10-01,-0.29
CN_FAI_YOY,2024-11-01,2.93
CN_FAI_YOY,2024-12-01,14.95
CN_FAI_YOY,2025-03-01,2.76
CN_FAI_YOY,2025-04-01,1.13
CN_FAI_YOY,2025-05-01,0.71
CN_FAI_YOY,2025-06-01,-1.18
CN_FAI_YOY,2025-07-01,-6.26
CN_FAI_YOY,2025-08-01,-9.32
CN_FAI_YOY,2025-09-01,-8.41
CN_FAI_YOY,2025-10-01,-15.52
CN_FAI_YOY,2025-11-01,-17.59
CN_FAI_YOY,2025-12-01,-15.21
CN_FAI_YOY,2026-03-01,-1.12
CN_FAI_YOY,2026-04-01,-12.01
CN_FAI_YOY,2026-05-01,-17.15
CN_FAI_YOY,2026-06-01,-15.6
CN_GDP_CUM_YOY,2006-03-01,12.4
CN_GDP_CUM_YOY,2006-06-01,13.1
CN_GDP_CUM_YOY,2006-09-01,12.7
CN_GDP_CUM_YOY,2006-12-01,12.7
CN_GDP_CUM_YOY,2007-03-01,13.6
CN_GDP_CUM_YOY,2007-06-01,14.3
CN_GDP_CUM_YOY,2007-09-01,14.3
CN_GDP_CUM_YOY,2007-12-01,14.2
CN_GDP_CUM_YOY,2008-03-01,11.6
CN_GDP_CUM_YOY,2008-06-01,11.3
CN_GDP_CUM_YOY,2008-09-01,10.7
CN_GDP_CUM_YOY,2008-12-01,9.7
CN_GDP_CUM_YOY,2009-03-01,6.4
CN_GDP_CUM_YOY,2009-06-01,7.3
CN_GDP_CUM_YOY,2009-09-01,8.5
CN_GDP_CUM_YOY,2009-12-01,9.4
CN_GDP_CUM_YOY,2010-03-01,12.2
CN_GDP_CUM_YOY,2010-06-01,11.4
CN_GDP_CUM_YOY,2010-09-01,10.8
CN_GDP_CUM_YOY,2010-12-01,10.6
CN_GDP_CUM_YOY,2011-03-01,10.1
CN_GDP_CUM_YOY,2011-06-01,10
CN_GDP_CUM_YOY,2011-09-01,9.8
CN_GDP_CUM_YOY,2011-12-01,9.5
CN_GDP_CUM_YOY,2012-03-01,8.1
CN_GDP_CUM_YOY,2012-06-01,7.9
CN_GDP_CUM_YOY,2012-09-01,7.7
CN_GDP_CUM_YOY,2012-12-01,7.9
CN_GDP_CUM_YOY,2013-03-01,7.9
CN_GDP_CUM_YOY,2013-06-01,7.7
CN_GDP_CUM_YOY,2013-09-01,7.8
CN_GDP_CUM_YOY,2013-12-01,7.8
CN_GDP_CUM_YOY,2014-03-01,7.6
CN_GDP_CUM_YOY,2014-06-01,7.6
CN_GDP_CUM_YOY,2014-09-01,7.5
CN_GDP_CUM_YOY,2014-12-01,7.5
CN_GDP_CUM_YOY,2015-03-01,7.1
CN_GDP_CUM_YOY,2015-06-01,7.1
CN_GDP_CUM_YOY,2015-09-01,7
CN_GDP_CUM_YOY,2015-12-01,7
CN_GDP_CUM_YOY,2016-03-01,6.8
CN_GDP_CUM_YOY,2016-06-01,6.8
CN_GDP_CUM_YOY,2016-09-01,6.8
CN_GDP_CUM_YOY,2016-12-01,6.8
CN_GDP_CUM_YOY,2017-03-01,7
CN_GDP_CUM_YOY,2017-06-01,7
CN_GDP_CUM_YOY,2017-09-01,6.9
CN_GDP_CUM_YOY,2017-12-01,6.9
CN_GDP_CUM_YOY,2018-03-01,6.9
CN_GDP_CUM_YOY,2018-06-01,6.9
CN_GDP_CUM_YOY,2018-09-01,6.8
CN_GDP_CUM_YOY,2018-12-01,6.8
CN_GDP_CUM_YOY,2019-03-01,6.4
CN_GDP_CUM_YOY,2019-06-01,6.2
CN_GDP_CUM_YOY,2019-09-01,6.1
CN_GDP_CUM_YOY,2019-12-01,6.1
CN_GDP_CUM_YOY,2020-03-01,-6.8
CN_GDP_CUM_YOY,2020-06-01,-1.6
CN_GDP_CUM_YOY,2020-09-01,0.7
CN_GDP_CUM_YOY,2020-12-01,2.3
CN_GDP_CUM_YOY,2021-03-01,18.9
CN_GDP_CUM_YOY,2021-06-01,13
CN_GDP_CUM_YOY,2021-09-01,10.2
CN_GDP_CUM_YOY,2021-12-01,8.6
CN_GDP_CUM_YOY,2022-03-01,4.8
CN_GDP_CUM_YOY,2022-06-01,2.7
CN_GDP_CUM_YOY,2022-09-01,3.2
CN_GDP_CUM_YOY,2022-12-01,3.1
CN_GDP_CUM_YOY,2023-03-01,4.7
CN_GDP_CUM_YOY,2023-06-01,5.7
CN_GDP_CUM_YOY,2023-09-01,5.4
CN_GDP_CUM_YOY,2023-12-01,5.4
CN_GDP_CUM_YOY,2024-03-01,5.3
CN_GDP_CUM_YOY,2024-06-01,5
CN_GDP_CUM_YOY,2024-09-01,4.8
CN_GDP_CUM_YOY,2024-12-01,5
CN_GDP_CUM_YOY,2025-03-01,5.4
CN_GDP_CUM_YOY,2025-06-01,5.3
CN_GDP_CUM_YOY,2025-09-01,5.2
CN_GDP_CUM_YOY,2025-12-01,5
CN_GDP_CUM_YOY,2026-03-01,5
CN_GDP_CUM_YOY,2026-06-01,4.7
CN_IP_YOY,2008-02-01,15.4
CN_IP_YOY,2008-03-01,17.8
CN_IP_YOY,2008-04-01,15.7
CN_IP_YOY,2008-05-01,16
CN_IP_YOY,2008-06-01,16
CN_IP_YOY,2008-07-01,14.7
CN_IP_YOY,2008-08-01,12.8
CN_IP_YOY,2008-09-01,11.4
CN_IP_YOY,2008-10-01,8.2
CN_IP_YOY,2008-11-01,5.4
CN_IP_YOY,2008-12-01,5.7
CN_IP_YOY,2009-02-01,11
CN_IP_YOY,2009-03-01,8.3
CN_IP_YOY,2009-04-01,7.3
CN_IP_YOY,2009-05-01,8.9
CN_IP_YOY,2009-06-01,10.7
CN_IP_YOY,2009-07-01,10.8
CN_IP_YOY,2009-08-01,12.3
CN_IP_YOY,2009-09-01,13.9
CN_IP_YOY,2009-10-01,16.1
CN_IP_YOY,2009-11-01,19.2
CN_IP_YOY,2009-12-01,18.5
CN_IP_YOY,2010-02-01,12.8
CN_IP_YOY,2010-03-01,18.1
CN_IP_YOY,2010-04-01,17.8
CN_IP_YOY,2010-05-01,16.5
CN_IP_YOY,2010-06-01,13.7
CN_IP_YOY,2010-07-01,13.4
CN_IP_YOY,2010-08-01,13.9
CN_IP_YOY,2010-09-01,13.3
CN_IP_YOY,2010-10-01,13.1
CN_IP_YOY,2010-11-01,13.3
CN_IP_YOY,2010-12-01,13.5
CN_IP_YOY,2011-02-01,14.9
CN_IP_YOY,2011-03-01,14.8
CN_IP_YOY,2011-04-01,13.4
CN_IP_YOY,2011-05-01,13.3
CN_IP_YOY,2011-06-01,15.1
CN_IP_YOY,2011-07-01,14
CN_IP_YOY,2011-08-01,13.5
CN_IP_YOY,2011-09-01,13.8
CN_IP_YOY,2011-10-01,13.2
CN_IP_YOY,2011-11-01,12.4
CN_IP_YOY,2011-12-01,12.8
CN_IP_YOY,2012-02-01,21.3
CN_IP_YOY,2012-03-01,11.9
CN_IP_YOY,2012-04-01,9.3
CN_IP_YOY,2012-05-01,9.6
CN_IP_YOY,2012-06-01,9.5
CN_IP_YOY,2012-07-01,9.2
CN_IP_YOY,2012-08-01,8.9
CN_IP_YOY,2012-09-01,9.2
CN_IP_YOY,2012-10-01,9.6
CN_IP_YOY,2012-11-01,10.1
CN_IP_YOY,2012-12-01,10.3
CN_IP_YOY,2013-02-01,9.9
CN_IP_YOY,2013-03-01,8.9
CN_IP_YOY,2013-04-01,9.3
CN_IP_YOY,2013-05-01,9.2
CN_IP_YOY,2013-06-01,8.9
CN_IP_YOY,2013-07-01,9.7
CN_IP_YOY,2013-08-01,10.4
CN_IP_YOY,2013-09-01,10.2
CN_IP_YOY,2013-10-01,10.3
CN_IP_YOY,2013-11-01,10
CN_IP_YOY,2013-12-01,9.7
CN_IP_YOY,2014-02-01,8.6
CN_IP_YOY,2014-03-01,8.8
CN_IP_YOY,2014-04-01,8.7
CN_IP_YOY,2014-05-01,8.8
CN_IP_YOY,2014-06-01,9.2
CN_IP_YOY,2014-07-01,9
CN_IP_YOY,2014-08-01,6.9
CN_IP_YOY,2014-09-01,8
CN_IP_YOY,2014-10-01,7.7
CN_IP_YOY,2014-11-01,7.2
CN_IP_YOY,2014-12-01,7.9
CN_IP_YOY,2015-03-01,5.6
CN_IP_YOY,2015-04-01,5.9
CN_IP_YOY,2015-05-01,6.1
CN_IP_YOY,2015-06-01,6.8
CN_IP_YOY,2015-07-01,6
CN_IP_YOY,2015-08-01,6.1
CN_IP_YOY,2015-09-01,5.7
CN_IP_YOY,2015-10-01,5.6
CN_IP_YOY,2015-11-01,6.2
CN_IP_YOY,2015-12-01,5.9
CN_IP_YOY,2016-03-01,6.8
CN_IP_YOY,2016-04-01,6
CN_IP_YOY,2016-05-01,6
CN_IP_YOY,2016-06-01,6.2
CN_IP_YOY,2016-07-01,6
CN_IP_YOY,2016-08-01,6.3
CN_IP_YOY,2016-09-01,6.1
CN_IP_YOY,2016-10-01,6.1
CN_IP_YOY,2016-11-01,6.2
CN_IP_YOY,2016-12-01,6
CN_IP_YOY,2017-03-01,7.6
CN_IP_YOY,2017-04-01,6.5
CN_IP_YOY,2017-05-01,6.5
CN_IP_YOY,2017-06-01,7.6
CN_IP_YOY,2017-07-01,6.4
CN_IP_YOY,2017-08-01,6
CN_IP_YOY,2017-09-01,6.6
CN_IP_YOY,2017-10-01,6.2
CN_IP_YOY,2017-11-01,6.1
CN_IP_YOY,2017-12-01,6.2
CN_IP_YOY,2018-03-01,6
CN_IP_YOY,2018-04-01,7
CN_IP_YOY,2018-05-01,6.8
CN_IP_YOY,2018-06-01,6
CN_IP_YOY,2018-07-01,6
CN_IP_YOY,2018-08-01,6.1
CN_IP_YOY,2018-09-01,5.8
CN_IP_YOY,2018-10-01,5.9
CN_IP_YOY,2018-11-01,5.4
CN_IP_YOY,2018-12-01,5.7
CN_IP_YOY,2019-03-01,8.5
CN_IP_YOY,2019-04-01,5.4
CN_IP_YOY,2019-05-01,5
CN_IP_YOY,2019-06-01,6.3
CN_IP_YOY,2019-07-01,4.8
CN_IP_YOY,2019-08-01,4.4
CN_IP_YOY,2019-09-01,5.8
CN_IP_YOY,2019-10-01,4.7
CN_IP_YOY,2019-11-01,6.2
CN_IP_YOY,2019-12-01,6.9
CN_IP_YOY,2020-03-01,-1.1
CN_IP_YOY,2020-04-01,3.9
CN_IP_YOY,2020-05-01,4.4
CN_IP_YOY,2020-06-01,4.8
CN_IP_YOY,2020-07-01,4.8
CN_IP_YOY,2020-08-01,5.6
CN_IP_YOY,2020-09-01,6.9
CN_IP_YOY,2020-10-01,6.9
CN_IP_YOY,2020-11-01,7
CN_IP_YOY,2020-12-01,7.3
CN_IP_YOY,2021-03-01,14.1
CN_IP_YOY,2021-04-01,9.8
CN_IP_YOY,2021-05-01,8.8
CN_IP_YOY,2021-06-01,8.3
CN_IP_YOY,2021-07-01,6.4
CN_IP_YOY,2021-08-01,5.3
CN_IP_YOY,2021-09-01,3.1
CN_IP_YOY,2021-10-01,3.5
CN_IP_YOY,2021-11-01,3.8
CN_IP_YOY,2021-12-01,4.3
CN_IP_YOY,2022-03-01,5
CN_IP_YOY,2022-04-01,-2.9
CN_IP_YOY,2022-05-01,0.7
CN_IP_YOY,2022-06-01,3.9
CN_IP_YOY,2022-07-01,3.8
CN_IP_YOY,2022-08-01,4.2
CN_IP_YOY,2022-09-01,6.3
CN_IP_YOY,2022-10-01,5
CN_IP_YOY,2022-11-01,2.2
CN_IP_YOY,2022-12-01,1.3
CN_IP_YOY,2023-03-01,3.9
CN_IP_YOY,2023-04-01,5.6
CN_IP_YOY,2023-05-01,3.5
CN_IP_YOY,2023-06-01,4.4
CN_IP_YOY,2023-07-01,3.7
CN_IP_YOY,2023-08-01,4.5
CN_IP_YOY,2023-09-01,4.5
CN_IP_YOY,2023-10-01,4.6
CN_IP_YOY,2023-11-01,6.6
CN_IP_YOY,2023-12-01,6.8
CN_IP_YOY,2024-03-01,4.5
CN_IP_YOY,2024-04-01,6.7
CN_IP_YOY,2024-05-01,5.6
CN_IP_YOY,2024-06-01,5.3
CN_IP_YOY,2024-07-01,5.1
CN_IP_YOY,2024-08-01,4.5
CN_IP_YOY,2024-09-01,5.4
CN_IP_YOY,2024-10-01,5.3
CN_IP_YOY,2024-11-01,5.4
CN_IP_YOY,2024-12-01,6.2
CN_IP_YOY,2025-03-01,7.7
CN_IP_YOY,2025-04-01,6.1
CN_IP_YOY,2025-05-01,5.8
CN_IP_YOY,2025-06-01,6.8
CN_IP_YOY,2025-07-01,5.7
CN_IP_YOY,2025-08-01,5.2
CN_IP_YOY,2025-09-01,6.5
CN_IP_YOY,2025-10-01,4.9
CN_IP_YOY,2025-11-01,4.8
CN_IP_YOY,2025-12-01,5.2
CN_IP_YOY,2026-03-01,5.7
CN_IP_YOY,2026-04-01,4.1
CN_IP_YOY,2026-05-01,4.5
CN_IP_YOY,2026-06-01,5.3
CN_M1_YOY,2008-01-01,20.54
CN_M1_YOY,2008-02-01,18.95
CN_M1_YOY,2008-03-01,17.97
CN_M1_YOY,2008-04-01,19.05
CN_M1_YOY,2008-05-01,17.93
CN_M1_YOY,2008-06-01,14.19
CN_M1_YOY,2008-07-01,13.96
CN_M1_YOY,2008-08-01,11.48
CN_M1_YOY,2008-09-01,9.43
CN_M1_YOY,2008-10-01,8.85
CN_M1_YOY,2008-11-01,6.8
CN_M1_YOY,2008-12-01,9.06
CN_M1_YOY,2009-01-01,6.68
CN_M1_YOY,2009-02-01,10.87
CN_M1_YOY,2009-03-01,17.04
CN_M1_YOY,2009-04-01,17.48
CN_M1_YOY,2009-05-01,18.69
CN_M1_YOY,2009-06-01,24.79
CN_M1_YOY,2009-07-01,26.37
CN_M1_YOY,2009-08-01,27.72
CN_M1_YOY,2009-09-01,29.51
CN_M1_YOY,2009-10-01,32.03
CN_M1_YOY,2009-11-01,34.63
CN_M1_YOY,2009-12-01,32.35
CN_M1_YOY,2010-01-01,38.96
CN_M1_YOY,2010-02-01,34.99
CN_M1_YOY,2010-03-01,29.94
CN_M1_YOY,2010-04-01,31.25
CN_M1_YOY,2010-05-01,29.9
CN_M1_YOY,2010-06-01,24.6
CN_M1_YOY,2010-07-01,22.9
CN_M1_YOY,2010-08-01,21.9
CN_M1_YOY,2010-09-01,20.9
CN_M1_YOY,2010-10-01,22.1
CN_M1_YOY,2010-11-01,22.1
CN_M1_YOY,2010-12-01,21.2
CN_M1_YOY,2011-01-01,13.6
CN_M1_YOY,2011-02-01,14.5
CN_M1_YOY,2011-03-01,15
CN_M1_YOY,2011-04-01,12.9
CN_M1_YOY,2011-05-01,12.7
CN_M1_YOY,2011-06-01,13.1
CN_M1_YOY,2011-07-01,11.6
CN_M1_YOY,2011-08-01,11.2
CN_M1_YOY,2011-09-01,8.85
CN_M1_YOY,2011-10-01,8.4
CN_M1_YOY,2011-11-01,7.8
CN_M1_YOY,2011-12-01,7.9
CN_M1_YOY,2012-01-01,3.1
CN_M1_YOY,2012-02-01,4.3
CN_M1_YOY,2012-03-01,4.4
CN_M1_YOY,2012-04-01,3.1
CN_M1_YOY,2012-05-01,3.5
CN_M1_YOY,2012-06-01,4.7
CN_M1_YOY,2012-07-01,4.6
CN_M1_YOY,2012-08-01,4.5
CN_M1_YOY,2012-09-01,7.3
CN_M1_YOY,2012-10-01,6.1
CN_M1_YOY,2012-11-01,5.5
CN_M1_YOY,2012-12-01,6.5
CN_M1_YOY,2013-01-01,15.3
CN_M1_YOY,2013-02-01,9.5
CN_M1_YOY,2013-03-01,11.9
CN_M1_YOY,2013-04-01,11.9
CN_M1_YOY,2013-05-01,11.3
CN_M1_YOY,2013-06-01,9.1
CN_M1_YOY,2013-07-01,9.7
CN_M1_YOY,2013-08-01,9.9
CN_M1_YOY,2013-09-01,8.9
CN_M1_YOY,2013-10-01,8.9
CN_M1_YOY,2013-11-01,9.4
CN_M1_YOY,2013-12-01,9.3
CN_M1_YOY,2014-01-01,1.2
CN_M1_YOY,2014-02-01,6.9
CN_M1_YOY,2014-03-01,5.4
CN_M1_YOY,2014-04-01,5.5
CN_M1_YOY,2014-05-01,5.7
CN_M1_YOY,2014-06-01,8.9
CN_M1_YOY,2014-07-01,6.7
CN_M1_YOY,2014-08-01,5.7
CN_M1_YOY,2014-09-01,4.8
CN_M1_YOY,2014-10-01,3.2
CN_M1_YOY,2014-11-01,3.2
CN_M1_YOY,2014-12-01,3.2
CN_M1_YOY,2015-01-01,10.6
CN_M1_YOY,2015-02-01,5.6
CN_M1_YOY,2015-03-01,2.9
CN_M1_YOY,2015-04-01,3.7
CN_M1_YOY,2015-05-01,4.7
CN_M1_YOY,2015-06-01,4.3
CN_M1_YOY,2015-07-01,6.6
CN_M1_YOY,2015-08-01,9.3
CN_M1_YOY,2015-09-01,11.4
CN_M1_YOY,2015-10-01,14
CN_M1_YOY,2015-11-01,15.7
CN_M1_YOY,2015-12-01,15.2
CN_M1_YOY,2016-01-01,18.6
CN_M1_YOY,2016-02-01,17.4
CN_M1_YOY,2016-03-01,22.1
CN_M1_YOY,2016-04-01,22.9
CN_M1_YOY,2016-05-01,23.7
CN_M1_YOY,2016-06-01,24.6
CN_M1_YOY,2016-07-01,25.4
CN_M1_YOY,2016-08-01,25.3
CN_M1_YOY,2016-09-01,24.7
CN_M1_YOY,2016-10-01,23.9
CN_M1_YOY,2016-11-01,22.7
CN_M1_YOY,2016-12-01,21.4
CN_M1_YOY,2017-01-01,14.5
CN_M1_YOY,2017-02-01,21.4
CN_M1_YOY,2017-03-01,18.8
CN_M1_YOY,2017-04-01,18.5
CN_M1_YOY,2017-05-01,17
CN_M1_YOY,2017-06-01,15
CN_M1_YOY,2017-07-01,15.3
CN_M1_YOY,2017-08-01,14
CN_M1_YOY,2017-09-01,14
CN_M1_YOY,2017-10-01,13
CN_M1_YOY,2017-11-01,12.7
CN_M1_YOY,2017-12-01,11.8
CN_M1_YOY,2018-01-01,15
CN_M1_YOY,2018-02-01,8.5
CN_M1_YOY,2018-03-01,7.1
CN_M1_YOY,2018-04-01,7.2
CN_M1_YOY,2018-05-01,6
CN_M1_YOY,2018-06-01,6.6
CN_M1_YOY,2018-07-01,5.1
CN_M1_YOY,2018-08-01,3.9
CN_M1_YOY,2018-09-01,4
CN_M1_YOY,2018-10-01,2.7
CN_M1_YOY,2018-11-01,1.5
CN_M1_YOY,2018-12-01,1.5
CN_M1_YOY,2019-01-01,0.4
CN_M1_YOY,2019-02-01,1.6
CN_M1_YOY,2019-03-01,4.6
CN_M1_YOY,2019-04-01,2.9
CN_M1_YOY,2019-05-01,3.4
CN_M1_YOY,2019-06-01,4.4
CN_M1_YOY,2019-07-01,3.1
CN_M1_YOY,2019-08-01,3.4
CN_M1_YOY,2019-09-01,3.4
CN_M1_YOY,2019-10-01,3.3
CN_M1_YOY,2019-11-01,3.5
CN_M1_YOY,2019-12-01,4.4
CN_M1_YOY,2020-01-01,0
CN_M1_YOY,2020-02-01,4.8
CN_M1_YOY,2020-03-01,5
CN_M1_YOY,2020-04-01,5.5
CN_M1_YOY,2020-05-01,6.8
CN_M1_YOY,2020-06-01,6.5
CN_M1_YOY,2020-07-01,6.9
CN_M1_YOY,2020-08-01,8
CN_M1_YOY,2020-09-01,8.1
CN_M1_YOY,2020-10-01,9.1
CN_M1_YOY,2020-11-01,10
CN_M1_YOY,2020-12-01,8.6
CN_M1_YOY,2021-01-01,14.7
CN_M1_YOY,2021-02-01,7.4
CN_M1_YOY,2021-03-01,7.1
CN_M1_YOY,2021-04-01,6.2
CN_M1_YOY,2021-05-01,6.1
CN_M1_YOY,2021-06-01,5.5
CN_M1_YOY,2021-07-01,4.9
CN_M1_YOY,2021-08-01,4.2
CN_M1_YOY,2021-09-01,3.7
CN_M1_YOY,2021-10-01,2.8
CN_M1_YOY,2021-11-01,3
CN_M1_YOY,2021-12-01,3.5
CN_M1_YOY,2022-01-01,-1.9
CN_M1_YOY,2022-02-01,4.7
CN_M1_YOY,2022-03-01,4.7
CN_M1_YOY,2022-04-01,5.1
CN_M1_YOY,2022-05-01,4.6
CN_M1_YOY,2022-06-01,5.8
CN_M1_YOY,2022-07-01,6.7
CN_M1_YOY,2022-08-01,6.1
CN_M1_YOY,2022-09-01,6.4
CN_M1_YOY,2022-10-01,5.8
CN_M1_YOY,2022-11-01,4.6
CN_M1_YOY,2022-12-01,3.7
CN_M1_YOY,2023-01-01,6.7
CN_M1_YOY,2023-02-01,5.8
CN_M1_YOY,2023-03-01,5.1
CN_M1_YOY,2023-04-01,5.3
CN_M1_YOY,2023-05-01,4.7
CN_M1_YOY,2023-06-01,3.1
CN_M1_YOY,2023-07-01,2.3
CN_M1_YOY,2023-08-01,2.2
CN_M1_YOY,2023-09-01,2.1
CN_M1_YOY,2023-10-01,1.9
CN_M1_YOY,2023-11-01,1.3
CN_M1_YOY,2023-12-01,1.3
CN_M1_YOY,2024-01-01,5.9
CN_M1_YOY,2024-02-01,1.2
CN_M1_YOY,2024-03-01,1.1
CN_M1_YOY,2024-04-01,-1.4
CN_M1_YOY,2024-05-01,-4.2
CN_M1_YOY,2024-06-01,-5
CN_M1_YOY,2024-07-01,-6.6
CN_M1_YOY,2024-08-01,-7.3
CN_M1_YOY,2024-09-01,-7.4
CN_M1_YOY,2024-10-01,-6.1
CN_M1_YOY,2024-11-01,-3.7
CN_M1_YOY,2024-12-01,-1.4
CN_M1_YOY,2025-01-01,0.4
CN_M1_YOY,2025-02-01,0.1
CN_M1_YOY,2025-03-01,1.6
CN_M1_YOY,2025-04-01,1.5
CN_M1_YOY,2025-05-01,2.3
CN_M1_YOY,2025-06-01,4.6
CN_M1_YOY,2025-07-01,5.6
CN_M1_YOY,2025-08-01,6
CN_M1_YOY,2025-09-01,7.2
CN_M1_YOY,2025-10-01,6.2
CN_M1_YOY,2025-11-01,4.9
CN_M1_YOY,2025-12-01,3.8
CN_M1_YOY,2026-01-01,4.9
CN_M1_YOY,2026-02-01,5.9
CN_M1_YOY,2026-03-01,5.1
CN_M1_YOY,2026-04-01,5
CN_M1_YOY,2026-05-01,5.5
CN_M1_YOY,2026-06-01,4
CN_M2_LEVEL,2008-01-01,417846.17
CN_M2_LEVEL,2008-02-01,421037.84
CN_M2_LEVEL,2008-03-01,423054.53
CN_M2_LEVEL,2008-04-01,429313.72
CN_M2_LEVEL,2008-05-01,436221.6
CN_M2_LEVEL,2008-06-01,443141.02
CN_M2_LEVEL,2008-07-01,446362.17
CN_M2_LEVEL,2008-08-01,448846.68
CN_M2_LEVEL,2008-09-01,452898.71
CN_M2_LEVEL,2008-10-01,453133.32
CN_M2_LEVEL,2008-11-01,458644.66
CN_M2_LEVEL,2008-12-01,475166.6
CN_M2_LEVEL,2009-01-01,496135.3078
CN_M2_LEVEL,2009-02-01,506708.07
CN_M2_LEVEL,2009-03-01,530626.7118
CN_M2_LEVEL,2009-04-01,540481.2137
CN_M2_LEVEL,2009-05-01,548263.51
CN_M2_LEVEL,2009-06-01,568916.2
CN_M2_LEVEL,2009-07-01,573102.8517
CN_M2_LEVEL,2009-08-01,576698.9535
CN_M2_LEVEL,2009-09-01,585405.3373
CN_M2_LEVEL,2009-10-01,586643.2887
CN_M2_LEVEL,2009-11-01,594604.7213
CN_M2_LEVEL,2009-12-01,610224.5231
CN_M2_LEVEL,2010-01-01,625609.29
CN_M2_LEVEL,2010-02-01,636072.2646
CN_M2_LEVEL,2010-03-01,649947.4643
CN_M2_LEVEL,2010-04-01,656561.217
CN_M2_LEVEL,2010-05-01,663351.37
CN_M2_LEVEL,2010-06-01,673921.7239
CN_M2_LEVEL,2010-07-01,674051.4789
CN_M2_LEVEL,2010-08-01,687506.9183
CN_M2_LEVEL,2010-09-01,696471.5
CN_M2_LEVEL,2010-10-01,699776.7409
CN_M2_LEVEL,2010-11-01,710339.025
CN_M2_LEVEL,2010-12-01,725851.79
CN_M2_LEVEL,2011-01-01,733884.8297
CN_M2_LEVEL,2011-02-01,736130.8633
CN_M2_LEVEL,2011-03-01,758130.88
CN_M2_LEVEL,2011-04-01,757384.5619
CN_M2_LEVEL,2011-05-01,763409.2151
CN_M2_LEVEL,2011-06-01,780820.85
CN_M2_LEVEL,2011-07-01,772923.65
CN_M2_LEVEL,2011-08-01,780852.3021
CN_M2_LEVEL,2011-09-01,787406.2038
CN_M2_LEVEL,2011-10-01,816829.2489
CN_M2_LEVEL,2011-11-01,825493.9445
CN_M2_LEVEL,2011-12-01,851590.9
CN_M2_LEVEL,2012-01-01,855898.89
CN_M2_LEVEL,2012-02-01,867171.42
CN_M2_LEVEL,2012-03-01,895565.5
CN_M2_LEVEL,2012-04-01,889604.04
CN_M2_LEVEL,2012-05-01,900048.77
CN_M2_LEVEL,2012-06-01,924991.2
CN_M2_LEVEL,2012-07-01,919072.4019
CN_M2_LEVEL,2012-08-01,924894.5865
CN_M2_LEVEL,2012-09-01,943688.7534
CN_M2_LEVEL,2012-10-01,936404.2792
CN_M2_LEVEL,2012-11-01,944832.4
CN_M2_LEVEL,2012-12-01,974148.8
CN_M2_LEVEL,2013-01-01,992129.25
CN_M2_LEVEL,2013-02-01,998600.83
CN_M2_LEVEL,2013-03-01,1035858.37
CN_M2_LEVEL,2013-04-01,1032551.903
CN_M2_LEVEL,2013-05-01,1042169.16
CN_M2_LEVEL,2013-06-01,1054403.69
CN_M2_LEVEL,2013-07-01,1052212.34
CN_M2_LEVEL,2013-08-01,1061256.43
CN_M2_LEVEL,2013-09-01,1077379.163
CN_M2_LEVEL,2013-10-01,1070242.167
CN_M2_LEVEL,2013-11-01,1079257.055
CN_M2_LEVEL,2013-12-01,1106524.98
CN_M2_LEVEL,2014-01-01,1123521.21
CN_M2_LEVEL,2014-02-01,1131760.83
CN_M2_LEVEL,2014-03-01,1160687.38
CN_M2_LEVEL,2014-04-01,1168812.67
CN_M2_LEVEL,2014-05-01,1182293.96
CN_M2_LEVEL,2014-06-01,1209587.2
CN_M2_LEVEL,2014-07-01,1194249.24
CN_M2_LEVEL,2014-08-01,1197499.08
CN_M2_LEVEL,2014-09-01,1202051.41
CN_M2_LEVEL,2014-10-01,1199236.314
CN_M2_LEVEL,2014-11-01,1208605.95
CN_M2_LEVEL,2014-12-01,1228374.807
CN_M2_LEVEL,2015-01-01,1242710.2185386
CN_M2_LEVEL,2015-02-01,1257380.4784755
CN_M2_LEVEL,2015-03-01,1275332.78
CN_M2_LEVEL,2015-04-01,1280779.14
CN_M2_LEVEL,2015-05-01,1307357.63
CN_M2_LEVEL,2015-06-01,1333375.36453853
CN_M2_LEVEL,2015-07-01,1353210.92482599
CN_M2_LEVEL,2015-08-01,1356907.98
CN_M2_LEVEL,2015-09-01,1359824.06
CN_M2_LEVEL,2015-10-01,1361020.70462698
CN_M2_LEVEL,2015-11-01,1373956.01
CN_M2_LEVEL,2015-12-01,1392278.10919881
CN_M2_LEVEL,2016-01-01,1416319.55
CN_M2_LEVEL,2016-02-01,1424618.67792204
CN_M2_LEVEL,2016-03-01,1446198.03
CN_M2_LEVEL,2016-04-01,1445209.59
CN_M2_LEVEL,2016-05-01,1461695.11
CN_M2_LEVEL,2016-06-01,1490491.83
CN_M2_LEVEL,2016-07-01,1491558.72
CN_M2_LEVEL,2016-08-01,1510982.91
CN_M2_LEVEL,2016-09-01,1516360.5
CN_M2_LEVEL,2016-10-01,1519485.4
CN_M2_LEVEL,2016-11-01,1530432.06
CN_M2_LEVEL,2016-12-01,1550066.66781086
CN_M2_LEVEL,2017-01-01,1584194.56383135
CN_M2_LEVEL,2017-02-01,1589856.99535048
CN_M2_LEVEL,2017-03-01,1607938.98002212
CN_M2_LEVEL,2017-04-01,1603918.84024284
CN_M2_LEVEL,2017-05-01,1609740.77375527
CN_M2_LEVEL,2017-06-01,1639497.04513491
CN_M2_LEVEL,2017-07-01,1636341.10524859
CN_M2_LEVEL,2017-08-01,1652947.30031106
CN_M2_LEVEL,2017-09-01,1663666.05438742
CN_M2_LEVEL,2017-10-01,1662449.96019881
CN_M2_LEVEL,2017-11-01,1679156.63613009
CN_M2_LEVEL,2017-12-01,1690235.31468079
CN_M2_LEVEL,2018-01-01,1720814.46207142
CN_M2_LEVEL,2018-02-01,1729070.11807809
CN_M2_LEVEL,2018-03-01,1739859.47770953
CN_M2_LEVEL,2018-04-01,1737683.72947489
CN_M2_LEVEL,2018-05-01,1743063.7923233
CN_M2_LEVEL,2018-06-01,1770178.373
CN_M2_LEVEL,2018-07-01,1776196.10516409
CN_M2_LEVEL,2018-08-01,1788670.42970175
CN_M2_LEVEL,2018-09-01,1801665.58145761
CN_M2_LEVEL,2018-10-01,1795561.59556379
CN_M2_LEVEL,2018-11-01,1813175.06539151
CN_M2_LEVEL,2018-12-01,1826744.21571345
CN_M2_LEVEL,2019-01-01,1865935.33
CN_M2_LEVEL,2019-02-01,1867427.45
CN_M2_LEVEL,2019-03-01,1889412.14
CN_M2_LEVEL,2019-04-01,1884670.33
CN_M2_LEVEL,2019-05-01,1891153.7
CN_M2_LEVEL,2019-06-01,1921360.19
CN_M2_LEVEL,2019-07-01,1919410.82
CN_M2_LEVEL,2019-08-01,1935492.43
CN_M2_LEVEL,2019-09-01,1952250.49
CN_M2_LEVEL,2019-10-01,1945600.55
CN_M2_LEVEL,2019-11-01,1961429.56
CN_M2_LEVEL,2019-12-01,1986488.82
CN_M2_LEVEL,2020-01-01,2023066.485
CN_M2_LEVEL,2020-02-01,2030830.424
CN_M2_LEVEL,2020-03-01,2080923.411
CN_M2_LEVEL,2020-04-01,2093533.829
CN_M2_LEVEL,2020-05-01,2100183.741
CN_M2_LEVEL,2020-06-01,2134948.661
CN_M2_LEVEL,2020-07-01,2125458.462
CN_M2_LEVEL,2020-08-01,2136836.91
CN_M2_LEVEL,2020-09-01,2164084.8
CN_M2_LEVEL,2020-10-01,2149720.42
CN_M2_LEVEL,2020-11-01,2172002.55
CN_M2_LEVEL,2020-12-01,2186795.89
CN_M2_LEVEL,2021-01-01,2213047.33
CN_M2_LEVEL,2021-02-01,2236030.26
CN_M2_LEVEL,2021-03-01,2276488.45
CN_M2_LEVEL,2021-04-01,2262107.12
CN_M2_LEVEL,2021-05-01,2275538.07
CN_M2_LEVEL,2021-06-01,2317788.36
CN_M2_LEVEL,2021-07-01,2302153.82
CN_M2_LEVEL,2021-08-01,2312267.68
CN_M2_LEVEL,2021-09-01,2342829.7
CN_M2_LEVEL,2021-10-01,2336160.48
CN_M2_LEVEL,2021-11-01,2356012.76
CN_M2_LEVEL,2021-12-01,2382899.56
CN_M2_LEVEL,2022-01-01,2431022.72
CN_M2_LEVEL,2022-02-01,2441488.9
CN_M2_LEVEL,2022-03-01,2497688.34
CN_M2_LEVEL,2022-04-01,2499710.9
CN_M2_LEVEL,2022-05-01,2527026.15
CN_M2_LEVEL,2022-06-01,2581451.2
CN_M2_LEVEL,2022-07-01,2578078.57
CN_M2_LEVEL,2022-08-01,2595068.27
CN_M2_LEVEL,2022-09-01,2626600.92
CN_M2_LEVEL,2022-10-01,2612914.57
CN_M2_LEVEL,2022-11-01,2647008.48
CN_M2_LEVEL,2022-12-01,2664320.84
CN_M2_LEVEL,2023-01-01,2738072.06
CN_M2_LEVEL,2023-02-01,2755249.23
CN_M2_LEVEL,2023-03-01,2814566.31
CN_M2_LEVEL,2023-04-01,2808469.34
CN_M2_LEVEL,2023-05-01,2820504.68
CN_M2_LEVEL,2023-06-01,2873023.83
CN_M2_LEVEL,2023-07-01,2854031.56
CN_M2_LEVEL,2023-08-01,2869343.25
CN_M2_LEVEL,2023-09-01,2896659.11
CN_M2_LEVEL,2023-10-01,2882276.07
CN_M2_LEVEL,2023-11-01,2912014.22
CN_M2_LEVEL,2023-12-01,2922713.33
CN_M2_LEVEL,2024-01-01,2976250.2
CN_M2_LEVEL,2024-02-01,2995572.97
CN_M2_LEVEL,2024-03-01,3047952.16
CN_M2_LEVEL,2024-04-01,3011941.98
CN_M2_LEVEL,2024-05-01,3018506.73
CN_M2_LEVEL,2024-06-01,3050161.54
CN_M2_LEVEL,2024-07-01,3033060.78
CN_M2_LEVEL,2024-08-01,3050461.27
CN_M2_LEVEL,2024-09-01,3094798.24
CN_M2_LEVEL,2024-10-01,3097092.01
CN_M2_LEVEL,2024-11-01,3119587.27
CN_M2_LEVEL,2024-12-01,3135322.3
CN_M2_LEVEL,2025-01-01,3185247.18
CN_M2_LEVEL,2025-02-01,3205173.24
CN_M2_LEVEL,2025-03-01,3260554.57
CN_M2_LEVEL,2025-04-01,3251739.32
CN_M2_LEVEL,2025-05-01,3257838.11
CN_M2_LEVEL,2025-06-01,3302868.17
CN_M2_LEVEL,2025-07-01,3299429.06
CN_M2_LEVEL,2025-08-01,3319831.44
CN_M2_LEVEL,2025-09-01,3353771.03
CN_M2_LEVEL,2025-10-01,3351312.31
CN_M2_LEVEL,2025-11-01,3369890.52
CN_M2_LEVEL,2025-12-01,3402948.06
CN_M2_LEVEL,2026-01-01,3471860.39
CN_M2_LEVEL,2026-02-01,3492159.91
CN_M2_LEVEL,2026-03-01,3538636.53
CN_M2_LEVEL,2026-04-01,3530425.21
CN_M2_LEVEL,2026-05-01,3536688.92
CN_M2_LEVEL,2026-06-01,3567108.43
CN_M2_YOY,2008-01-01,18.88
CN_M2_YOY,2008-02-01,17.39
CN_M2_YOY,2008-03-01,16.19
CN_M2_YOY,2008-04-01,16.94
CN_M2_YOY,2008-05-01,18.07
CN_M2_YOY,2008-06-01,17.37
CN_M2_YOY,2008-07-01,16.35
CN_M2_YOY,2008-08-01,16
CN_M2_YOY,2008-09-01,15.29
CN_M2_YOY,2008-10-01,15.02
CN_M2_YOY,2008-11-01,14.8
CN_M2_YOY,2008-12-01,17.82
CN_M2_YOY,2009-01-01,18.79
CN_M2_YOY,2009-02-01,20.48
CN_M2_YOY,2009-03-01,25.51
CN_M2_YOY,2009-04-01,25.95
CN_M2_YOY,2009-05-01,25.74
CN_M2_YOY,2009-06-01,28.46
CN_M2_YOY,2009-07-01,28.42
CN_M2_YOY,2009-08-01,28.53
CN_M2_YOY,2009-09-01,29.31
CN_M2_YOY,2009-10-01,29.42
CN_M2_YOY,2009-11-01,29.74
CN_M2_YOY,2009-12-01,27.68
CN_M2_YOY,2010-01-01,25.98
CN_M2_YOY,2010-02-01,25.52
CN_M2_YOY,2010-03-01,22.5
CN_M2_YOY,2010-04-01,21.48
CN_M2_YOY,2010-05-01,21
CN_M2_YOY,2010-06-01,18.5
CN_M2_YOY,2010-07-01,17.6
CN_M2_YOY,2010-08-01,19.2
CN_M2_YOY,2010-09-01,19
CN_M2_YOY,2010-10-01,19.3
CN_M2_YOY,2010-11-01,19.5
CN_M2_YOY,2010-12-01,19.7
CN_M2_YOY,2011-01-01,17.2
CN_M2_YOY,2011-02-01,15.7
CN_M2_YOY,2011-03-01,16.6
CN_M2_YOY,2011-04-01,15.3
CN_M2_YOY,2011-05-01,15.1
CN_M2_YOY,2011-06-01,15.9
CN_M2_YOY,2011-07-01,14.7
CN_M2_YOY,2011-08-01,13.5
CN_M2_YOY,2011-09-01,13.04
CN_M2_YOY,2011-10-01,12.9
CN_M2_YOY,2011-11-01,12.7
CN_M2_YOY,2011-12-01,13.6
CN_M2_YOY,2012-01-01,12.4
CN_M2_YOY,2012-02-01,13
CN_M2_YOY,2012-03-01,13.4
CN_M2_YOY,2012-04-01,12.8
CN_M2_YOY,2012-05-01,13.2
CN_M2_YOY,2012-06-01,13.6
CN_M2_YOY,2012-07-01,13.9
CN_M2_YOY,2012-08-01,13.5
CN_M2_YOY,2012-09-01,14.8
CN_M2_YOY,2012-10-01,14.1
CN_M2_YOY,2012-11-01,13.9
CN_M2_YOY,2012-12-01,13.8
CN_M2_YOY,2013-01-01,15.9
CN_M2_YOY,2013-02-01,15.2
CN_M2_YOY,2013-03-01,15.7
CN_M2_YOY,2013-04-01,16.1
CN_M2_YOY,2013-05-01,15.8
CN_M2_YOY,2013-06-01,14
CN_M2_YOY,2013-07-01,14.5
CN_M2_YOY,2013-08-01,14.7
CN_M2_YOY,2013-09-01,14.2
CN_M2_YOY,2013-10-01,14.3
CN_M2_YOY,2013-11-01,14.2
CN_M2_YOY,2013-12-01,13.6
CN_M2_YOY,2014-01-01,13.2
CN_M2_YOY,2014-02-01,13.3
CN_M2_YOY,2014-03-01,12.1
CN_M2_YOY,2014-04-01,13.2
CN_M2_YOY,2014-05-01,13.4
CN_M2_YOY,2014-06-01,14.7
CN_M2_YOY,2014-07-01,13.5
CN_M2_YOY,2014-08-01,12.8
CN_M2_YOY,2014-09-01,12.9
CN_M2_YOY,2014-10-01,12.6
CN_M2_YOY,2014-11-01,12.3
CN_M2_YOY,2014-12-01,12.2
CN_M2_YOY,2015-01-01,10.8
CN_M2_YOY,2015-02-01,12.5
CN_M2_YOY,2015-03-01,11.6
CN_M2_YOY,2015-04-01,10.1
CN_M2_YOY,2015-05-01,10.8
CN_M2_YOY,2015-06-01,11.8
CN_M2_YOY,2015-07-01,13.3
CN_M2_YOY,2015-08-01,13.3
CN_M2_YOY,2015-09-01,13.1
CN_M2_YOY,2015-10-01,13.5
CN_M2_YOY,2015-11-01,13.7
CN_M2_YOY,2015-12-01,13.3
CN_M2_YOY,2016-01-01,14
CN_M2_YOY,2016-02-01,13.3
CN_M2_YOY,2016-03-01,13.4
CN_M2_YOY,2016-04-01,12.8
CN_M2_YOY,2016-05-01,11.8
CN_M2_YOY,2016-06-01,11.8
CN_M2_YOY,2016-07-01,10.2
CN_M2_YOY,2016-08-01,11.4
CN_M2_YOY,2016-09-01,11.5
CN_M2_YOY,2016-10-01,11.6
CN_M2_YOY,2016-11-01,11.4
CN_M2_YOY,2016-12-01,11.3
CN_M2_YOY,2017-01-01,10.7032
CN_M2_YOY,2017-02-01,10.45
CN_M2_YOY,2017-03-01,10.1178
CN_M2_YOY,2017-04-01,9.8426
CN_M2_YOY,2017-05-01,9.1289
CN_M2_YOY,2017-06-01,9.1013
CN_M2_YOY,2017-07-01,8.89
CN_M2_YOY,2017-08-01,8.5633
CN_M2_YOY,2017-09-01,8.976
CN_M2_YOY,2017-10-01,8.8771
CN_M2_YOY,2017-11-01,9.1148
CN_M2_YOY,2017-12-01,8.0654
CN_M2_YOY,2018-01-01,8.6
CN_M2_YOY,2018-02-01,8.8
CN_M2_YOY,2018-03-01,8.2
CN_M2_YOY,2018-04-01,8.3
CN_M2_YOY,2018-05-01,8.3
CN_M2_YOY,2018-06-01,8
CN_M2_YOY,2018-07-01,8.5
CN_M2_YOY,2018-08-01,8.2
CN_M2_YOY,2018-09-01,8.3
CN_M2_YOY,2018-10-01,8
CN_M2_YOY,2018-11-01,8
CN_M2_YOY,2018-12-01,8.1
CN_M2_YOY,2019-01-01,8.4
CN_M2_YOY,2019-02-01,8
CN_M2_YOY,2019-03-01,8.6
CN_M2_YOY,2019-04-01,8.5
CN_M2_YOY,2019-05-01,8.5
CN_M2_YOY,2019-06-01,8.5
CN_M2_YOY,2019-07-01,8.1
CN_M2_YOY,2019-08-01,8.2
CN_M2_YOY,2019-09-01,8.4
CN_M2_YOY,2019-10-01,8.4
CN_M2_YOY,2019-11-01,8.2
CN_M2_YOY,2019-12-01,8.7
CN_M2_YOY,2020-01-01,8.4
CN_M2_YOY,2020-02-01,8.8
CN_M2_YOY,2020-03-01,10.1
CN_M2_YOY,2020-04-01,11.1
CN_M2_YOY,2020-05-01,11.1
CN_M2_YOY,2020-06-01,11.1
CN_M2_YOY,2020-07-01,10.7
CN_M2_YOY,2020-08-01,10.4
CN_M2_YOY,2020-09-01,10.9
CN_M2_YOY,2020-10-01,10.5
CN_M2_YOY,2020-11-01,10.7
CN_M2_YOY,2020-12-01,10.1
CN_M2_YOY,2021-01-01,9.4
CN_M2_YOY,2021-02-01,10.1
CN_M2_YOY,2021-03-01,9.4
CN_M2_YOY,2021-04-01,8.1
CN_M2_YOY,2021-05-01,8.3
CN_M2_YOY,2021-06-01,8.6
CN_M2_YOY,2021-07-01,8.3
CN_M2_YOY,2021-08-01,8.2
CN_M2_YOY,2021-09-01,8.3
CN_M2_YOY,2021-10-01,8.7
CN_M2_YOY,2021-11-01,8.5
CN_M2_YOY,2021-12-01,9
CN_M2_YOY,2022-01-01,9.8
CN_M2_YOY,2022-02-01,9.2
CN_M2_YOY,2022-03-01,9.7
CN_M2_YOY,2022-04-01,10.5
CN_M2_YOY,2022-05-01,11.1
CN_M2_YOY,2022-06-01,11.4
CN_M2_YOY,2022-07-01,12
CN_M2_YOY,2022-08-01,12.2
CN_M2_YOY,2022-09-01,12.1
CN_M2_YOY,2022-10-01,11.8
CN_M2_YOY,2022-11-01,12.4
CN_M2_YOY,2022-12-01,11.8
CN_M2_YOY,2023-01-01,12.6
CN_M2_YOY,2023-02-01,12.9
CN_M2_YOY,2023-03-01,12.7
CN_M2_YOY,2023-04-01,12.4
CN_M2_YOY,2023-05-01,11.6
CN_M2_YOY,2023-06-01,11.3
CN_M2_YOY,2023-07-01,10.7
CN_M2_YOY,2023-08-01,10.6
CN_M2_YOY,2023-09-01,10.3
CN_M2_YOY,2023-10-01,10.3
CN_M2_YOY,2023-11-01,10
CN_M2_YOY,2023-12-01,9.7
CN_M2_YOY,2024-01-01,8.7
CN_M2_YOY,2024-02-01,8.7
CN_M2_YOY,2024-03-01,8.3
CN_M2_YOY,2024-04-01,7.2
CN_M2_YOY,2024-05-01,7
CN_M2_YOY,2024-06-01,6.2
CN_M2_YOY,2024-07-01,6.3
CN_M2_YOY,2024-08-01,6.3
CN_M2_YOY,2024-09-01,6.8
CN_M2_YOY,2024-10-01,7.5
CN_M2_YOY,2024-11-01,7.1
CN_M2_YOY,2024-12-01,7.3
CN_M2_YOY,2025-01-01,7
CN_M2_YOY,2025-02-01,7
CN_M2_YOY,2025-03-01,7
CN_M2_YOY,2025-04-01,8
CN_M2_YOY,2025-05-01,7.9
CN_M2_YOY,2025-06-01,8.3
CN_M2_YOY,2025-07-01,8.8
CN_M2_YOY,2025-08-01,8.8
CN_M2_YOY,2025-09-01,8.4
CN_M2_YOY,2025-10-01,8.2
CN_M2_YOY,2025-11-01,8
CN_M2_YOY,2025-12-01,8.5
CN_M2_YOY,2026-01-01,9
CN_M2_YOY,2026-02-01,9
CN_M2_YOY,2026-03-01,8.5
CN_M2_YOY,2026-04-01,8.6
CN_M2_YOY,2026-05-01,8.6
CN_M2_YOY,2026-06-01,8
CN_NEW_LOANS,2008-01-01,8058
CN_NEW_LOANS,2008-02-01,2434
CN_NEW_LOANS,2008-03-01,2834
CN_NEW_LOANS,2008-04-01,4690
CN_NEW_LOANS,2008-05-01,3185
CN_NEW_LOANS,2008-06-01,3324
CN_NEW_LOANS,2008-07-01,3818
CN_NEW_LOANS,2008-08-01,2715
CN_NEW_LOANS,2008-09-01,3745
CN_NEW_LOANS,2008-10-01,1819
CN_NEW_LOANS,2008-11-01,4775
CN_NEW_LOANS,2008-12-01,7645
CN_NEW_LOANS,2009-01-01,16177
CN_NEW_LOANS,2009-02-01,10715
CN_NEW_LOANS,2009-03-01,18920
CN_NEW_LOANS,2009-04-01,5918
CN_NEW_LOANS,2009-05-01,6669
CN_NEW_LOANS,2009-06-01,15304
CN_NEW_LOANS,2009-07-01,3691
CN_NEW_LOANS,2009-08-01,4104
CN_NEW_LOANS,2009-09-01,5167
CN_NEW_LOANS,2009-10-01,2530
CN_NEW_LOANS,2009-11-01,2948
CN_NEW_LOANS,2009-12-01,3800
CN_NEW_LOANS,2010-01-01,13934
CN_NEW_LOANS,2010-02-01,6999
CN_NEW_LOANS,2010-03-01,5107
CN_NEW_LOANS,2010-04-01,7740
CN_NEW_LOANS,2010-05-01,6493
CN_NEW_LOANS,2010-06-01,6027
CN_NEW_LOANS,2010-07-01,5327
CN_NEW_LOANS,2010-08-01,5446
CN_NEW_LOANS,2010-09-01,6004
CN_NEW_LOANS,2010-10-01,5877
CN_NEW_LOANS,2010-11-01,5689
CN_NEW_LOANS,2010-12-01,4807
CN_NEW_LOANS,2011-01-01,10263
CN_NEW_LOANS,2011-02-01,5377
CN_NEW_LOANS,2011-03-01,6794
CN_NEW_LOANS,2011-04-01,7430
CN_NEW_LOANS,2011-05-01,5516
CN_NEW_LOANS,2011-06-01,6339
CN_NEW_LOANS,2011-07-01,4916
CN_NEW_LOANS,2011-08-01,5484
CN_NEW_LOANS,2011-09-01,4693
CN_NEW_LOANS,2011-10-01,5868
CN_NEW_LOANS,2011-11-01,5629
CN_NEW_LOANS,2011-12-01,6406
CN_NEW_LOANS,2012-01-01,7381
CN_NEW_LOANS,2012-02-01,7107
CN_NEW_LOANS,2012-03-01,10114.42
CN_NEW_LOANS,2012-04-01,6817.79
CN_NEW_LOANS,2012-05-01,7932.32
CN_NEW_LOANS,2012-06-01,9198.17
CN_NEW_LOANS,2012-07-01,5401.21
CN_NEW_LOANS,2012-08-01,7039.45
CN_NEW_LOANS,2012-09-01,6226.23
CN_NEW_LOANS,2012-10-01,5053.71
CN_NEW_LOANS,2012-11-01,5220.37
CN_NEW_LOANS,2012-12-01,4546.08
CN_NEW_LOANS,2013-01-01,10721
CN_NEW_LOANS,2013-02-01,6200
CN_NEW_LOANS,2013-03-01,10625
CN_NEW_LOANS,2013-04-01,7923
CN_NEW_LOANS,2013-05-01,6694
CN_NEW_LOANS,2013-06-01,8628
CN_NEW_LOANS,2013-07-01,6997
CN_NEW_LOANS,2013-08-01,7128
CN_NEW_LOANS,2013-09-01,7870
CN_NEW_LOANS,2013-10-01,5060
CN_NEW_LOANS,2013-11-01,6246
CN_NEW_LOANS,2013-12-01,4825
CN_NEW_LOANS,2014-01-01,13190
CN_NEW_LOANS,2014-02-01,6448
CN_NEW_LOANS,2014-03-01,10497
CN_NEW_LOANS,2014-04-01,7745
CN_NEW_LOANS,2014-05-01,8708
CN_NEW_LOANS,2014-06-01,10793
CN_NEW_LOANS,2014-07-01,3852
CN_NEW_LOANS,2014-08-01,7025
CN_NEW_LOANS,2014-09-01,8572
CN_NEW_LOANS,2014-10-01,5483
CN_NEW_LOANS,2014-11-01,8527
CN_NEW_LOANS,2014-12-01,6973
CN_NEW_LOANS,2015-01-01,14707.88398
CN_NEW_LOANS,2015-02-01,11436.98154
CN_NEW_LOANS,2015-03-01,9919.861996
CN_NEW_LOANS,2015-04-01,8045.060387
CN_NEW_LOANS,2015-05-01,8510.181814
CN_NEW_LOANS,2015-06-01,13239.5588
CN_NEW_LOANS,2015-07-01,5890.468935
CN_NEW_LOANS,2015-08-01,7755.919617
CN_NEW_LOANS,2015-09-01,10417.24486
CN_NEW_LOANS,2015-10-01,5573.755665
CN_NEW_LOANS,2015-11-01,8872.90243
CN_NEW_LOANS,2015-12-01,8323.083231
CN_NEW_LOANS,2016-01-01,25370.07022
CN_NEW_LOANS,2016-02-01,8105.442309
CN_NEW_LOANS,2016-03-01,13175.5618
CN_NEW_LOANS,2016-04-01,5642.052719
CN_NEW_LOANS,2016-05-01,9374.267688
CN_NEW_LOANS,2016-06-01,13141.10751
CN_NEW_LOANS,2016-07-01,4550.223157
CN_NEW_LOANS,2016-08-01,7969.196206
CN_NEW_LOANS,2016-09-01,12628.06365
CN_NEW_LOANS,2016-10-01,6010.330601
CN_NEW_LOANS,2016-11-01,8463.262045
CN_NEW_LOANS,2016-12-01,9942.78798
CN_NEW_LOANS,2017-01-01,23132.85478
CN_NEW_LOANS,2017-02-01,10317.31825
CN_NEW_LOANS,2017-03-01,11586.05628
CN_NEW_LOANS,2017-04-01,10805.68806
CN_NEW_LOANS,2017-05-01,11780.35896
CN_NEW_LOANS,2017-06-01,14474.35431
CN_NEW_LOANS,2017-07-01,9151.560003
CN_NEW_LOANS,2017-08-01,11466.15297
CN_NEW_LOANS,2017-09-01,11884.84372
CN_NEW_LOANS,2017-10-01,6635.249415
CN_NEW_LOANS,2017-11-01,11428.46132
CN_NEW_LOANS,2017-12-01,5769.490608
CN_NEW_LOANS,2018-01-01,26850.25463
CN_NEW_LOANS,2018-02-01,10199.48584
CN_NEW_LOANS,2018-03-01,11424.56835
CN_NEW_LOANS,2018-04-01,10987.35054
CN_NEW_LOANS,2018-05-01,11396.18357
CN_NEW_LOANS,2018-06-01,16787.34188
CN_NEW_LOANS,2018-07-01,12861.15205
CN_NEW_LOANS,2018-08-01,13139.99871
CN_NEW_LOANS,2018-09-01,14340.99924
CN_NEW_LOANS,2018-10-01,7141.282611
CN_NEW_LOANS,2018-11-01,12302.32894
CN_NEW_LOANS,2018-12-01,9281.464384
CN_NEW_LOANS,2019-01-01,35668.35953
CN_NEW_LOANS,2019-02-01,7640.641862
CN_NEW_LOANS,2019-03-01,19584.39553
CN_NEW_LOANS,2019-04-01,8732.827504
CN_NEW_LOANS,2019-05-01,11855.45876
CN_NEW_LOANS,2019-06-01,16736.89983
CN_NEW_LOANS,2019-07-01,8086.072901
CN_NEW_LOANS,2019-08-01,13045.18199
CN_NEW_LOANS,2019-09-01,17612.4407
CN_NEW_LOANS,2019-10-01,5469.638534
CN_NEW_LOANS,2019-11-01,13633.17324
CN_NEW_LOANS,2019-12-01,10769.81577
CN_NEW_LOANS,2020-01-01,34924
CN_NEW_LOANS,2020-02-01,7202
CN_NEW_LOANS,2020-03-01,30390
CN_NEW_LOANS,2020-04-01,16239
CN_NEW_LOANS,2020-05-01,15502
CN_NEW_LOANS,2020-06-01,19029
CN_NEW_LOANS,2020-07-01,10221
CN_NEW_LOANS,2020-08-01,14201
CN_NEW_LOANS,2020-09-01,19171
CN_NEW_LOANS,2020-10-01,6663
CN_NEW_LOANS,2020-11-01,15309
CN_NEW_LOANS,2020-12-01,11458
CN_NEW_LOANS,2021-01-01,38182
CN_NEW_LOANS,2021-02-01,13413
CN_NEW_LOANS,2021-03-01,27511
CN_NEW_LOANS,2021-04-01,12840
CN_NEW_LOANS,2021-05-01,14294
CN_NEW_LOANS,2021-06-01,23182
CN_NEW_LOANS,2021-07-01,8391
CN_NEW_LOANS,2021-08-01,12713
CN_NEW_LOANS,2021-09-01,17755
CN_NEW_LOANS,2021-10-01,7752
CN_NEW_LOANS,2021-11-01,13021
CN_NEW_LOANS,2021-12-01,10350
CN_NEW_LOANS,2022-01-01,41988
CN_NEW_LOANS,2022-02-01,9084
CN_NEW_LOANS,2022-03-01,32291
CN_NEW_LOANS,2022-04-01,3616
CN_NEW_LOANS,2022-05-01,18230
CN_NEW_LOANS,2022-06-01,30540
CN_NEW_LOANS,2022-07-01,4088
CN_NEW_LOANS,2022-08-01,13344
CN_NEW_LOANS,2022-09-01,25686
CN_NEW_LOANS,2022-10-01,4431
CN_NEW_LOANS,2022-11-01,11448
CN_NEW_LOANS,2022-12-01,14401
CN_NEW_LOANS,2023-01-01,49314
CN_NEW_LOANS,2023-02-01,18184
CN_NEW_LOANS,2023-03-01,39487
CN_NEW_LOANS,2023-04-01,4431
CN_NEW_LOANS,2023-05-01,12219
CN_NEW_LOANS,2023-06-01,32413
CN_NEW_LOANS,2023-07-01,364
CN_NEW_LOANS,2023-08-01,13412
CN_NEW_LOANS,2023-09-01,25369
CN_NEW_LOANS,2023-10-01,4837
CN_NEW_LOANS,2023-11-01,11120
CN_NEW_LOANS,2023-12-01,11092
CN_NEW_LOANS,2024-01-01,48401
CN_NEW_LOANS,2024-02-01,9773
CN_NEW_LOANS,2024-03-01,32920
CN_NEW_LOANS,2024-04-01,3349
CN_NEW_LOANS,2024-05-01,8197
CN_NEW_LOANS,2024-06-01,21927
CN_NEW_LOANS,2024-07-01,-808
CN_NEW_LOANS,2024-08-01,10411
CN_NEW_LOANS,2024-09-01,19742
CN_NEW_LOANS,2024-10-01,2965
CN_NEW_LOANS,2024-11-01,5216
CN_NEW_LOANS,2024-12-01,8402
CN_NEW_LOANS,2025-01-01,52194
CN_NEW_LOANS,2025-02-01,6528
CN_NEW_LOANS,2025-03-01,38234
CN_NEW_LOANS,2025-04-01,884
CN_NEW_LOANS,2025-05-01,5923
CN_NEW_LOANS,2025-06-01,23600
CN_NEW_LOANS,2025-07-01,-4296
CN_NEW_LOANS,2025-08-01,6253
CN_NEW_LOANS,2025-09-01,16081
CN_NEW_LOANS,2025-10-01,-154
CN_NEW_LOANS,2025-11-01,4096
CN_NEW_LOANS,2025-12-01,9804
CN_NEW_LOANS,2026-01-01,49016
CN_NEW_LOANS,2026-02-01,8458
CN_NEW_LOANS,2026-03-01,31522
CN_NEW_LOANS,2026-04-01,-4006
CN_NEW_LOANS,2026-05-01,4965
CN_NEW_LOANS,2026-06-01,17650
CN_PMI_MFG,2008-01-01,53
CN_PMI_MFG,2008-02-01,53.4
CN_PMI_MFG,2008-03-01,58.4
CN_PMI_MFG,2008-04-01,59.2
CN_PMI_MFG,2008-05-01,53.3
CN_PMI_MFG,2008-06-01,52
CN_PMI_MFG,2008-07-01,48.4
CN_PMI_MFG,2008-08-01,48.4
CN_PMI_MFG,2008-09-01,51.2
CN_PMI_MFG,2008-10-01,44.6
CN_PMI_MFG,2008-11-01,38.8
CN_PMI_MFG,2008-12-01,41.2
CN_PMI_MFG,2009-01-01,45.3
CN_PMI_MFG,2009-02-01,49
CN_PMI_MFG,2009-03-01,52.4
CN_PMI_MFG,2009-04-01,53.5
CN_PMI_MFG,2009-05-01,53.1
CN_PMI_MFG,2009-06-01,53.2
CN_PMI_MFG,2009-07-01,53.3
CN_PMI_MFG,2009-08-01,54
CN_PMI_MFG,2009-09-01,54.3
CN_PMI_MFG,2009-10-01,55.2
CN_PMI_MFG,2009-11-01,55.2
CN_PMI_MFG,2009-12-01,56.6
CN_PMI_MFG,2010-01-01,55.8
CN_PMI_MFG,2010-02-01,52
CN_PMI_MFG,2010-03-01,55.1
CN_PMI_MFG,2010-04-01,55.7
CN_PMI_MFG,2010-05-01,53.9
CN_PMI_MFG,2010-06-01,52.1
CN_PMI_MFG,2010-07-01,51.2
CN_PMI_MFG,2010-08-01,51.7
CN_PMI_MFG,2010-09-01,53.8
CN_PMI_MFG,2010-10-01,54.7
CN_PMI_MFG,2010-11-01,55.2
CN_PMI_MFG,2010-12-01,53.9
CN_PMI_MFG,2011-01-01,52.9
CN_PMI_MFG,2011-02-01,52.2
CN_PMI_MFG,2011-03-01,53.4
CN_PMI_MFG,2011-04-01,52.9
CN_PMI_MFG,2011-05-01,52
CN_PMI_MFG,2011-06-01,50.9
CN_PMI_MFG,2011-07-01,50.7
CN_PMI_MFG,2011-08-01,50.9
CN_PMI_MFG,2011-09-01,51.2
CN_PMI_MFG,2011-10-01,50.4
CN_PMI_MFG,2011-11-01,49
CN_PMI_MFG,2011-12-01,50.3
CN_PMI_MFG,2012-01-01,50.5
CN_PMI_MFG,2012-02-01,51
CN_PMI_MFG,2012-03-01,53.1
CN_PMI_MFG,2012-04-01,53.3
CN_PMI_MFG,2012-05-01,50.4
CN_PMI_MFG,2012-06-01,50.2
CN_PMI_MFG,2012-07-01,50.1
CN_PMI_MFG,2012-08-01,49.2
CN_PMI_MFG,2012-09-01,49.8
CN_PMI_MFG,2012-10-01,50.2
CN_PMI_MFG,2012-11-01,50.6
CN_PMI_MFG,2012-12-01,50.6
CN_PMI_MFG,2013-01-01,50.4
CN_PMI_MFG,2013-02-01,50.1
CN_PMI_MFG,2013-03-01,50.9
CN_PMI_MFG,2013-04-01,50.6
CN_PMI_MFG,2013-05-01,50.8
CN_PMI_MFG,2013-06-01,50.1
CN_PMI_MFG,2013-07-01,50.3
CN_PMI_MFG,2013-08-01,51
CN_PMI_MFG,2013-09-01,51.1
CN_PMI_MFG,2013-10-01,51.4
CN_PMI_MFG,2013-11-01,51.4
CN_PMI_MFG,2013-12-01,51
CN_PMI_MFG,2014-01-01,50.5
CN_PMI_MFG,2014-02-01,50.2
CN_PMI_MFG,2014-03-01,50.3
CN_PMI_MFG,2014-04-01,50.4
CN_PMI_MFG,2014-05-01,50.8
CN_PMI_MFG,2014-06-01,51
CN_PMI_MFG,2014-07-01,51.7
CN_PMI_MFG,2014-08-01,51.1
CN_PMI_MFG,2014-09-01,51.1
CN_PMI_MFG,2014-10-01,50.8
CN_PMI_MFG,2014-11-01,50.3
CN_PMI_MFG,2014-12-01,50.1
CN_PMI_MFG,2015-01-01,49.8
CN_PMI_MFG,2015-02-01,49.9
CN_PMI_MFG,2015-03-01,50.1
CN_PMI_MFG,2015-04-01,50.1
CN_PMI_MFG,2015-05-01,50.2
CN_PMI_MFG,2015-06-01,50.2
CN_PMI_MFG,2015-07-01,50
CN_PMI_MFG,2015-08-01,49.7
CN_PMI_MFG,2015-09-01,49.8
CN_PMI_MFG,2015-10-01,49.8
CN_PMI_MFG,2015-11-01,49.6
CN_PMI_MFG,2015-12-01,49.7
CN_PMI_MFG,2016-01-01,49.4
CN_PMI_MFG,2016-02-01,49
CN_PMI_MFG,2016-03-01,50.2
CN_PMI_MFG,2016-04-01,50.1
CN_PMI_MFG,2016-05-01,50.1
CN_PMI_MFG,2016-06-01,50
CN_PMI_MFG,2016-07-01,49.9
CN_PMI_MFG,2016-08-01,50.4
CN_PMI_MFG,2016-09-01,50.4
CN_PMI_MFG,2016-10-01,51.2
CN_PMI_MFG,2016-11-01,51.7
CN_PMI_MFG,2016-12-01,51.4
CN_PMI_MFG,2017-01-01,51.3
CN_PMI_MFG,2017-02-01,51.6
CN_PMI_MFG,2017-03-01,51.8
CN_PMI_MFG,2017-04-01,51.2
CN_PMI_MFG,2017-05-01,51.2
CN_PMI_MFG,2017-06-01,51.7
CN_PMI_MFG,2017-07-01,51.4
CN_PMI_MFG,2017-08-01,51.7
CN_PMI_MFG,2017-09-01,52.4
CN_PMI_MFG,2017-10-01,51.6
CN_PMI_MFG,2017-11-01,51.8
CN_PMI_MFG,2017-12-01,51.6
CN_PMI_MFG,2018-01-01,51.3
CN_PMI_MFG,2018-02-01,50.3
CN_PMI_MFG,2018-03-01,51.5
CN_PMI_MFG,2018-04-01,51.4
CN_PMI_MFG,2018-05-01,51.9
CN_PMI_MFG,2018-06-01,51.5
CN_PMI_MFG,2018-07-01,51.2
CN_PMI_MFG,2018-08-01,51.3
CN_PMI_MFG,2018-09-01,50.8
CN_PMI_MFG,2018-10-01,50.2
CN_PMI_MFG,2018-11-01,50
CN_PMI_MFG,2018-12-01,49.4
CN_PMI_MFG,2019-01-01,49.5
CN_PMI_MFG,2019-02-01,49.2
CN_PMI_MFG,2019-03-01,50.5
CN_PMI_MFG,2019-04-01,50.1
CN_PMI_MFG,2019-05-01,49.4
CN_PMI_MFG,2019-06-01,49.4
CN_PMI_MFG,2019-07-01,49.7
CN_PMI_MFG,2019-08-01,49.5
CN_PMI_MFG,2019-09-01,49.8
CN_PMI_MFG,2019-10-01,49.3
CN_PMI_MFG,2019-11-01,50.2
CN_PMI_MFG,2019-12-01,50.2
CN_PMI_MFG,2020-01-01,50
CN_PMI_MFG,2020-02-01,35.7
CN_PMI_MFG,2020-03-01,52
CN_PMI_MFG,2020-04-01,50.8
CN_PMI_MFG,2020-05-01,50.6
CN_PMI_MFG,2020-06-01,50.9
CN_PMI_MFG,2020-07-01,51.1
CN_PMI_MFG,2020-08-01,51
CN_PMI_MFG,2020-09-01,51.5
CN_PMI_MFG,2020-10-01,51.4
CN_PMI_MFG,2020-11-01,52.1
CN_PMI_MFG,2020-12-01,51.9
CN_PMI_MFG,2021-01-01,51.3
CN_PMI_MFG,2021-02-01,50.6
CN_PMI_MFG,2021-03-01,51.9
CN_PMI_MFG,2021-04-01,51.1
CN_PMI_MFG,2021-05-01,51
CN_PMI_MFG,2021-06-01,50.9
CN_PMI_MFG,2021-07-01,50.4
CN_PMI_MFG,2021-08-01,50.1
CN_PMI_MFG,2021-09-01,49.6
CN_PMI_MFG,2021-10-01,49.2
CN_PMI_MFG,2021-11-01,50.1
CN_PMI_MFG,2021-12-01,50.3
CN_PMI_MFG,2022-01-01,50.1
CN_PMI_MFG,2022-02-01,50.2
CN_PMI_MFG,2022-03-01,49.5
CN_PMI_MFG,2022-04-01,47.4
CN_PMI_MFG,2022-05-01,49.6
CN_PMI_MFG,2022-06-01,50.2
CN_PMI_MFG,2022-07-01,49
CN_PMI_MFG,2022-08-01,49.4
CN_PMI_MFG,2022-09-01,50.1
CN_PMI_MFG,2022-10-01,49.2
CN_PMI_MFG,2022-11-01,48
CN_PMI_MFG,2022-12-01,47
CN_PMI_MFG,2023-01-01,50.1
CN_PMI_MFG,2023-02-01,52.6
CN_PMI_MFG,2023-03-01,51.9
CN_PMI_MFG,2023-04-01,49.2
CN_PMI_MFG,2023-05-01,48.8
CN_PMI_MFG,2023-06-01,49
CN_PMI_MFG,2023-07-01,49.3
CN_PMI_MFG,2023-08-01,49.7
CN_PMI_MFG,2023-09-01,50.2
CN_PMI_MFG,2023-10-01,49.5
CN_PMI_MFG,2023-11-01,49.4
CN_PMI_MFG,2023-12-01,49
CN_PMI_MFG,2024-01-01,49.2
CN_PMI_MFG,2024-02-01,49.1
CN_PMI_MFG,2024-03-01,50.8
CN_PMI_MFG,2024-04-01,50.4
CN_PMI_MFG,2024-05-01,49.5
CN_PMI_MFG,2024-06-01,49.5
CN_PMI_MFG,2024-07-01,49.4
CN_PMI_MFG,2024-08-01,49.1
CN_PMI_MFG,2024-09-01,49.8
CN_PMI_MFG,2024-10-01,50.1
CN_PMI_MFG,2024-11-01,50.3
CN_PMI_MFG,2024-12-01,50.1
CN_PMI_MFG,2025-01-01,49.1
CN_PMI_MFG,2025-02-01,50.2
CN_PMI_MFG,2025-03-01,50.5
CN_PMI_MFG,2025-04-01,49
CN_PMI_MFG,2025-05-01,49.5
CN_PMI_MFG,2025-06-01,49.7
CN_PMI_MFG,2025-07-01,49.3
CN_PMI_MFG,2025-08-01,49.4
CN_PMI_MFG,2025-09-01,49.8
CN_PMI_MFG,2025-10-01,49
CN_PMI_MFG,2025-11-01,49.2
CN_PMI_MFG,2025-12-01,50.1
CN_PMI_MFG,2026-01-01,49.3
CN_PMI_MFG,2026-02-01,49
CN_PMI_MFG,2026-03-01,50.4
CN_PMI_MFG,2026-04-01,50.3
CN_PMI_MFG,2026-05-01,50
CN_PMI_MFG,2026-06-01,50.3
CN_PMI_NONMFG,2008-01-01,60.2
CN_PMI_NONMFG,2008-02-01,59.3
CN_PMI_NONMFG,2008-03-01,58.9
CN_PMI_NONMFG,2008-04-01,58.4
CN_PMI_NONMFG,2008-05-01,57.4
CN_PMI_NONMFG,2008-06-01,57.4
CN_PMI_NONMFG,2008-07-01,55.7
CN_PMI_NONMFG,2008-08-01,52.9
CN_PMI_NONMFG,2008-09-01,55
CN_PMI_NONMFG,2008-10-01,53.1
CN_PMI_NONMFG,2008-11-01,51.2
CN_PMI_NONMFG,2008-12-01,50.8
CN_PMI_NONMFG,2009-01-01,53.7
CN_PMI_NONMFG,2009-02-01,55.1
CN_PMI_NONMFG,2009-03-01,54.4
CN_PMI_NONMFG,2009-04-01,53.5
CN_PMI_NONMFG,2009-05-01,54.9
CN_PMI_NONMFG,2009-06-01,55.4
CN_PMI_NONMFG,2009-07-01,57.3
CN_PMI_NONMFG,2009-08-01,57.3
CN_PMI_NONMFG,2009-09-01,57.9
CN_PMI_NONMFG,2009-10-01,59.5
CN_PMI_NONMFG,2009-11-01,58.4
CN_PMI_NONMFG,2009-12-01,58.8
CN_PMI_NONMFG,2010-01-01,58.1
CN_PMI_NONMFG,2010-02-01,57
CN_PMI_NONMFG,2010-03-01,57.3
CN_PMI_NONMFG,2010-04-01,57.8
CN_PMI_NONMFG,2010-05-01,58.1
CN_PMI_NONMFG,2010-06-01,58.8
CN_PMI_NONMFG,2010-07-01,57.1
CN_PMI_NONMFG,2010-08-01,58
CN_PMI_NONMFG,2010-09-01,57.9
CN_PMI_NONMFG,2010-10-01,57.4
CN_PMI_NONMFG,2010-11-01,58.9
CN_PMI_NONMFG,2010-12-01,58.8
CN_PMI_NONMFG,2011-01-01,57.2
CN_PMI_NONMFG,2011-02-01,57
CN_PMI_NONMFG,2011-03-01,59.2
CN_PMI_NONMFG,2011-04-01,58.2
CN_PMI_NONMFG,2011-05-01,58.7
CN_PMI_NONMFG,2011-06-01,56.6
CN_PMI_NONMFG,2011-07-01,57.3
CN_PMI_NONMFG,2011-08-01,57.1
CN_PMI_NONMFG,2011-09-01,55.8
CN_PMI_NONMFG,2011-10-01,55.5
CN_PMI_NONMFG,2011-11-01,55.9
CN_PMI_NONMFG,2011-12-01,56.3
CN_PMI_NONMFG,2012-01-01,55.7
CN_PMI_NONMFG,2012-02-01,57.3
CN_PMI_NONMFG,2012-03-01,58
CN_PMI_NONMFG,2012-04-01,56.1
CN_PMI_NONMFG,2012-05-01,55.2
CN_PMI_NONMFG,2012-06-01,56.7
CN_PMI_NONMFG,2012-07-01,55.6
CN_PMI_NONMFG,2012-08-01,56.3
CN_PMI_NONMFG,2012-09-01,53.7
CN_PMI_NONMFG,2012-10-01,55.5
CN_PMI_NONMFG,2012-11-01,55.6
CN_PMI_NONMFG,2012-12-01,56.1
CN_PMI_NONMFG,2013-01-01,56.2
CN_PMI_NONMFG,2013-02-01,54.5
CN_PMI_NONMFG,2013-03-01,55.6
CN_PMI_NONMFG,2013-04-01,54.5
CN_PMI_NONMFG,2013-05-01,54.3
CN_PMI_NONMFG,2013-06-01,53.9
CN_PMI_NONMFG,2013-07-01,54.1
CN_PMI_NONMFG,2013-08-01,53.9
CN_PMI_NONMFG,2013-09-01,55.4
CN_PMI_NONMFG,2013-10-01,56.3
CN_PMI_NONMFG,2013-11-01,56
CN_PMI_NONMFG,2013-12-01,54.6
CN_PMI_NONMFG,2014-01-01,53.4
CN_PMI_NONMFG,2014-02-01,55
CN_PMI_NONMFG,2014-03-01,54.5
CN_PMI_NONMFG,2014-04-01,54.8
CN_PMI_NONMFG,2014-05-01,55.5
CN_PMI_NONMFG,2014-06-01,55
CN_PMI_NONMFG,2014-07-01,54.2
CN_PMI_NONMFG,2014-08-01,54.4
CN_PMI_NONMFG,2014-09-01,54
CN_PMI_NONMFG,2014-10-01,53.8
CN_PMI_NONMFG,2014-11-01,53.9
CN_PMI_NONMFG,2014-12-01,54.1
CN_PMI_NONMFG,2015-01-01,53.7
CN_PMI_NONMFG,2015-02-01,53.9
CN_PMI_NONMFG,2015-03-01,53.7
CN_PMI_NONMFG,2015-04-01,53.4
CN_PMI_NONMFG,2015-05-01,53.2
CN_PMI_NONMFG,2015-06-01,53.8
CN_PMI_NONMFG,2015-07-01,53.9
CN_PMI_NONMFG,2015-08-01,53.4
CN_PMI_NONMFG,2015-09-01,53.4
CN_PMI_NONMFG,2015-10-01,53.1
CN_PMI_NONMFG,2015-11-01,53.6
CN_PMI_NONMFG,2015-12-01,54.4
CN_PMI_NONMFG,2016-01-01,53.5
CN_PMI_NONMFG,2016-02-01,52.7
CN_PMI_NONMFG,2016-03-01,53.8
CN_PMI_NONMFG,2016-04-01,53.5
CN_PMI_NONMFG,2016-05-01,53.1
CN_PMI_NONMFG,2016-06-01,53.7
CN_PMI_NONMFG,2016-07-01,53.9
CN_PMI_NONMFG,2016-08-01,53.5
CN_PMI_NONMFG,2016-09-01,53.7
CN_PMI_NONMFG,2016-10-01,54
CN_PMI_NONMFG,2016-11-01,54.7
CN_PMI_NONMFG,2016-12-01,54.5
CN_PMI_NONMFG,2017-01-01,54.6
CN_PMI_NONMFG,2017-02-01,54.2
CN_PMI_NONMFG,2017-03-01,55.1
CN_PMI_NONMFG,2017-04-01,54
CN_PMI_NONMFG,2017-05-01,54.5
CN_PMI_NONMFG,2017-06-01,54.9
CN_PMI_NONMFG,2017-07-01,54.5
CN_PMI_NONMFG,2017-08-01,53.4
CN_PMI_NONMFG,2017-09-01,55.4
CN_PMI_NONMFG,2017-10-01,54.3
CN_PMI_NONMFG,2017-11-01,54.8
CN_PMI_NONMFG,2017-12-01,55
CN_PMI_NONMFG,2018-01-01,55.3
CN_PMI_NONMFG,2018-02-01,54.4
CN_PMI_NONMFG,2018-03-01,54.6
CN_PMI_NONMFG,2018-04-01,54.8
CN_PMI_NONMFG,2018-05-01,54.9
CN_PMI_NONMFG,2018-06-01,55
CN_PMI_NONMFG,2018-07-01,54
CN_PMI_NONMFG,2018-08-01,54.2
CN_PMI_NONMFG,2018-09-01,54.9
CN_PMI_NONMFG,2018-10-01,53.9
CN_PMI_NONMFG,2018-11-01,53.4
CN_PMI_NONMFG,2018-12-01,53.8
CN_PMI_NONMFG,2019-01-01,54.7
CN_PMI_NONMFG,2019-02-01,54.3
CN_PMI_NONMFG,2019-03-01,54.8
CN_PMI_NONMFG,2019-04-01,54.3
CN_PMI_NONMFG,2019-05-01,54.3
CN_PMI_NONMFG,2019-06-01,54.2
CN_PMI_NONMFG,2019-07-01,53.7
CN_PMI_NONMFG,2019-08-01,53.8
CN_PMI_NONMFG,2019-09-01,53.7
CN_PMI_NONMFG,2019-10-01,52.8
CN_PMI_NONMFG,2019-11-01,54.4
CN_PMI_NONMFG,2019-12-01,53.5
CN_PMI_NONMFG,2020-01-01,54.1
CN_PMI_NONMFG,2020-02-01,29.6
CN_PMI_NONMFG,2020-03-01,52.3
CN_PMI_NONMFG,2020-04-01,53.2
CN_PMI_NONMFG,2020-05-01,53.6
CN_PMI_NONMFG,2020-06-01,54.4
CN_PMI_NONMFG,2020-07-01,54.2
CN_PMI_NONMFG,2020-08-01,55.2
CN_PMI_NONMFG,2020-09-01,55.9
CN_PMI_NONMFG,2020-10-01,56.2
CN_PMI_NONMFG,2020-11-01,56.4
CN_PMI_NONMFG,2020-12-01,55.7
CN_PMI_NONMFG,2021-01-01,52.4
CN_PMI_NONMFG,2021-02-01,51.4
CN_PMI_NONMFG,2021-03-01,56.3
CN_PMI_NONMFG,2021-04-01,54.9
CN_PMI_NONMFG,2021-05-01,55.2
CN_PMI_NONMFG,2021-06-01,53.5
CN_PMI_NONMFG,2021-07-01,53.3
CN_PMI_NONMFG,2021-08-01,47.5
CN_PMI_NONMFG,2021-09-01,53.2
CN_PMI_NONMFG,2021-10-01,52.4
CN_PMI_NONMFG,2021-11-01,52.3
CN_PMI_NONMFG,2021-12-01,52.7
CN_PMI_NONMFG,2022-01-01,51.1
CN_PMI_NONMFG,2022-02-01,51.6
CN_PMI_NONMFG,2022-03-01,48.4
CN_PMI_NONMFG,2022-04-01,41.9
CN_PMI_NONMFG,2022-05-01,47.8
CN_PMI_NONMFG,2022-06-01,54.7
CN_PMI_NONMFG,2022-07-01,53.8
CN_PMI_NONMFG,2022-08-01,52.6
CN_PMI_NONMFG,2022-09-01,50.6
CN_PMI_NONMFG,2022-10-01,48.7
CN_PMI_NONMFG,2022-11-01,46.7
CN_PMI_NONMFG,2022-12-01,41.6
CN_PMI_NONMFG,2023-01-01,54.4
CN_PMI_NONMFG,2023-02-01,56.3
CN_PMI_NONMFG,2023-03-01,58.2
CN_PMI_NONMFG,2023-04-01,56.4
CN_PMI_NONMFG,2023-05-01,54.5
CN_PMI_NONMFG,2023-06-01,53.2
CN_PMI_NONMFG,2023-07-01,51.5
CN_PMI_NONMFG,2023-08-01,51
CN_PMI_NONMFG,2023-09-01,51.7
CN_PMI_NONMFG,2023-10-01,50.6
CN_PMI_NONMFG,2023-11-01,50.2
CN_PMI_NONMFG,2023-12-01,50.4
CN_PMI_NONMFG,2024-01-01,50.7
CN_PMI_NONMFG,2024-02-01,51.4
CN_PMI_NONMFG,2024-03-01,53
CN_PMI_NONMFG,2024-04-01,51.2
CN_PMI_NONMFG,2024-05-01,51.1
CN_PMI_NONMFG,2024-06-01,50.5
CN_PMI_NONMFG,2024-07-01,50.2
CN_PMI_NONMFG,2024-08-01,50.3
CN_PMI_NONMFG,2024-09-01,50
CN_PMI_NONMFG,2024-10-01,50.2
CN_PMI_NONMFG,2024-11-01,50
CN_PMI_NONMFG,2024-12-01,52.2
CN_PMI_NONMFG,2025-01-01,50.2
CN_PMI_NONMFG,2025-02-01,50.4
CN_PMI_NONMFG,2025-03-01,50.8
CN_PMI_NONMFG,2025-04-01,50.4
CN_PMI_NONMFG,2025-05-01,50.3
CN_PMI_NONMFG,2025-06-01,50.5
CN_PMI_NONMFG,2025-07-01,50.1
CN_PMI_NONMFG,2025-08-01,50.3
CN_PMI_NONMFG,2025-09-01,50
CN_PMI_NONMFG,2025-10-01,50.1
CN_PMI_NONMFG,2025-11-01,49.5
CN_PMI_NONMFG,2025-12-01,50.2
CN_PMI_NONMFG,2026-01-01,49.4
CN_PMI_NONMFG,2026-02-01,49.5
CN_PMI_NONMFG,2026-03-01,50.1
CN_PMI_NONMFG,2026-04-01,49.4
CN_PMI_NONMFG,2026-05-01,50.1
CN_PMI_NONMFG,2026-06-01,50.2
CN_PPI_YOY,2006-01-01,3.05
CN_PPI_YOY,2006-02-01,3.01
CN_PPI_YOY,2006-03-01,2.49
CN_PPI_YOY,2006-04-01,1.87
CN_PPI_YOY,2006-05-01,2.43
CN_PPI_YOY,2006-06-01,3.52
CN_PPI_YOY,2006-07-01,3.58
CN_PPI_YOY,2006-08-01,3.4
CN_PPI_YOY,2006-09-01,3.45
CN_PPI_YOY,2006-10-01,2.9
CN_PPI_YOY,2006-11-01,2.78
CN_PPI_YOY,2006-12-01,3.05
CN_PPI_YOY,2007-01-01,3.3
CN_PPI_YOY,2007-02-01,2.6
CN_PPI_YOY,2007-03-01,2.65
CN_PPI_YOY,2007-04-01,2.87
CN_PPI_YOY,2007-05-01,2.76
CN_PPI_YOY,2007-06-01,2.49
CN_PPI_YOY,2007-07-01,2.39
CN_PPI_YOY,2007-08-01,2.56
CN_PPI_YOY,2007-09-01,2.71
CN_PPI_YOY,2007-10-01,3.21
CN_PPI_YOY,2007-11-01,4.55
CN_PPI_YOY,2007-12-01,5.43
CN_PPI_YOY,2008-01-01,6.07
CN_PPI_YOY,2008-02-01,6.62
CN_PPI_YOY,2008-03-01,7.95
CN_PPI_YOY,2008-04-01,8.12
CN_PPI_YOY,2008-05-01,8.22
CN_PPI_YOY,2008-06-01,8.84
CN_PPI_YOY,2008-07-01,10.03
CN_PPI_YOY,2008-08-01,10.06
CN_PPI_YOY,2008-09-01,9.13
CN_PPI_YOY,2008-10-01,6.59
CN_PPI_YOY,2008-11-01,1.99
CN_PPI_YOY,2008-12-01,-1.14
CN_PPI_YOY,2009-01-01,-3.35
CN_PPI_YOY,2009-02-01,-4.47
CN_PPI_YOY,2009-03-01,-5.99
CN_PPI_YOY,2009-04-01,-6.6
CN_PPI_YOY,2009-05-01,-7.2
CN_PPI_YOY,2009-06-01,-7.8
CN_PPI_YOY,2009-07-01,-8.22
CN_PPI_YOY,2009-08-01,-7.86
CN_PPI_YOY,2009-09-01,-6.99
CN_PPI_YOY,2009-10-01,-5.85
CN_PPI_YOY,2009-11-01,-2.08
CN_PPI_YOY,2009-12-01,1.7
CN_PPI_YOY,2010-01-01,4.32
CN_PPI_YOY,2010-02-01,5.39
CN_PPI_YOY,2010-03-01,5.91
CN_PPI_YOY,2010-04-01,6.81
CN_PPI_YOY,2010-05-01,7.13
CN_PPI_YOY,2010-06-01,6.41
CN_PPI_YOY,2010-07-01,4.84
CN_PPI_YOY,2010-08-01,4.32
CN_PPI_YOY,2010-09-01,4.33
CN_PPI_YOY,2010-10-01,5.04
CN_PPI_YOY,2010-11-01,6.06
CN_PPI_YOY,2010-12-01,5.93
CN_PPI_YOY,2011-01-01,6.6436
CN_PPI_YOY,2011-02-01,7.2322
CN_PPI_YOY,2011-03-01,7.3081
CN_PPI_YOY,2011-04-01,6.821
CN_PPI_YOY,2011-05-01,6.7851
CN_PPI_YOY,2011-06-01,7.1209
CN_PPI_YOY,2011-07-01,7.5417
CN_PPI_YOY,2011-08-01,7.2528
CN_PPI_YOY,2011-09-01,6.5227
CN_PPI_YOY,2011-10-01,5.0038
CN_PPI_YOY,2011-11-01,2.7179
CN_PPI_YOY,2011-12-01,1.6854
CN_PPI_YOY,2012-01-01,0.7347
CN_PPI_YOY,2012-02-01,0.0284
CN_PPI_YOY,2012-03-01,-0.3171
CN_PPI_YOY,2012-04-01,-0.6984
CN_PPI_YOY,2012-05-01,-1.3981
CN_PPI_YOY,2012-06-01,-2.0843
CN_PPI_YOY,2012-07-01,-2.8651
CN_PPI_YOY,2012-08-01,-3.4784
CN_PPI_YOY,2012-09-01,-3.5545
CN_PPI_YOY,2012-10-01,-2.7558
CN_PPI_YOY,2012-11-01,-2.1995
CN_PPI_YOY,2012-12-01,-1.9397
CN_PPI_YOY,2013-01-01,-1.6372
CN_PPI_YOY,2013-02-01,-1.6254
CN_PPI_YOY,2013-03-01,-1.919
CN_PPI_YOY,2013-04-01,-2.6175
CN_PPI_YOY,2013-05-01,-2.8658
CN_PPI_YOY,2013-06-01,-2.6965
CN_PPI_YOY,2013-07-01,-2.2712
CN_PPI_YOY,2013-08-01,-1.625
CN_PPI_YOY,2013-09-01,-1.3439
CN_PPI_YOY,2013-10-01,-1.5071
CN_PPI_YOY,2013-11-01,-1.4242
CN_PPI_YOY,2013-12-01,-1.3557
CN_PPI_YOY,2014-01-01,-1.6394
CN_PPI_YOY,2014-02-01,-2.0182
CN_PPI_YOY,2014-03-01,-2.3022
CN_PPI_YOY,2014-04-01,-2.0042
CN_PPI_YOY,2014-05-01,-1.4464
CN_PPI_YOY,2014-06-01,-1.1086
CN_PPI_YOY,2014-07-01,-0.8688
CN_PPI_YOY,2014-08-01,-1.2038
CN_PPI_YOY,2014-09-01,-1.7996
CN_PPI_YOY,2014-10-01,-2.2428
CN_PPI_YOY,2014-11-01,-2.6928
CN_PPI_YOY,2014-12-01,-3.3152
CN_PPI_YOY,2015-01-01,-4.3202
CN_PPI_YOY,2015-02-01,-4.7976
CN_PPI_YOY,2015-03-01,-4.5603
CN_PPI_YOY,2015-04-01,-4.5725
CN_PPI_YOY,2015-05-01,-4.607
CN_PPI_YOY,2015-06-01,-4.8135
CN_PPI_YOY,2015-07-01,-5.3692
CN_PPI_YOY,2015-08-01,-5.9227
CN_PPI_YOY,2015-09-01,-5.945
CN_PPI_YOY,2015-10-01,-5.9
CN_PPI_YOY,2015-11-01,-5.9
CN_PPI_YOY,2015-12-01,-5.9
CN_PPI_YOY,2016-01-01,-5.3
CN_PPI_YOY,2016-02-01,-4.9
CN_PPI_YOY,2016-03-01,-4.3
CN_PPI_YOY,2016-04-01,-3.4
CN_PPI_YOY,2016-05-01,-2.8
CN_PPI_YOY,2016-06-01,-2.6
CN_PPI_YOY,2016-07-01,-1.7
CN_PPI_YOY,2016-08-01,-0.8
CN_PPI_YOY,2016-09-01,0.1
CN_PPI_YOY,2016-10-01,1.2
CN_PPI_YOY,2016-11-01,3.3
CN_PPI_YOY,2016-12-01,5.5
CN_PPI_YOY,2017-01-01,6.9
CN_PPI_YOY,2017-02-01,7.8
CN_PPI_YOY,2017-03-01,7.6
CN_PPI_YOY,2017-04-01,6.4
CN_PPI_YOY,2017-05-01,5.5
CN_PPI_YOY,2017-06-01,5.5
CN_PPI_YOY,2017-07-01,5.5
CN_PPI_YOY,2017-08-01,6.3
CN_PPI_YOY,2017-09-01,6.9
CN_PPI_YOY,2017-10-01,6.9
CN_PPI_YOY,2017-11-01,5.8
CN_PPI_YOY,2017-12-01,4.9
CN_PPI_YOY,2018-01-01,4.3
CN_PPI_YOY,2018-02-01,3.7
CN_PPI_YOY,2018-03-01,3.1
CN_PPI_YOY,2018-04-01,3.4
CN_PPI_YOY,2018-05-01,4.1
CN_PPI_YOY,2018-06-01,4.7
CN_PPI_YOY,2018-07-01,4.6
CN_PPI_YOY,2018-08-01,4.1
CN_PPI_YOY,2018-09-01,3.6
CN_PPI_YOY,2018-10-01,3.3
CN_PPI_YOY,2018-11-01,2.7
CN_PPI_YOY,2018-12-01,0.9
CN_PPI_YOY,2019-01-01,0.1
CN_PPI_YOY,2019-02-01,0.1
CN_PPI_YOY,2019-03-01,0.4
CN_PPI_YOY,2019-04-01,0.9
CN_PPI_YOY,2019-05-01,0.6
CN_PPI_YOY,2019-06-01,0
CN_PPI_YOY,2019-07-01,-0.3
CN_PPI_YOY,2019-08-01,-0.8
CN_PPI_YOY,2019-09-01,-1.2
CN_PPI_YOY,2019-10-01,-1.6
CN_PPI_YOY,2019-11-01,-1.4
CN_PPI_YOY,2019-12-01,-0.5
CN_PPI_YOY,2020-01-01,0.1
CN_PPI_YOY,2020-02-01,-0.4
CN_PPI_YOY,2020-03-01,-1.5
CN_PPI_YOY,2020-04-01,-3.1
CN_PPI_YOY,2020-05-01,-3.7
CN_PPI_YOY,2020-06-01,-3
CN_PPI_YOY,2020-07-01,-2.4
CN_PPI_YOY,2020-08-01,-2
CN_PPI_YOY,2020-09-01,-2.1
CN_PPI_YOY,2020-10-01,-2.1
CN_PPI_YOY,2020-11-01,-1.5
CN_PPI_YOY,2020-12-01,-0.4
CN_PPI_YOY,2021-01-01,0.3
CN_PPI_YOY,2021-02-01,1.7
CN_PPI_YOY,2021-03-01,4.4
CN_PPI_YOY,2021-04-01,6.8
CN_PPI_YOY,2021-05-01,9
CN_PPI_YOY,2021-06-01,8.8
CN_PPI_YOY,2021-07-01,9
CN_PPI_YOY,2021-08-01,9.5
CN_PPI_YOY,2021-09-01,10.7
CN_PPI_YOY,2021-10-01,13.5
CN_PPI_YOY,2021-11-01,12.9
CN_PPI_YOY,2021-12-01,10.3
CN_PPI_YOY,2022-01-01,9.1
CN_PPI_YOY,2022-02-01,8.8
CN_PPI_YOY,2022-03-01,8.3
CN_PPI_YOY,2022-04-01,8
CN_PPI_YOY,2022-05-01,6.4
CN_PPI_YOY,2022-06-01,6.1
CN_PPI_YOY,2022-07-01,4.2
CN_PPI_YOY,2022-08-01,2.3
CN_PPI_YOY,2022-09-01,0.9
CN_PPI_YOY,2022-10-01,-1.3
CN_PPI_YOY,2022-11-01,-1.3
CN_PPI_YOY,2022-12-01,-0.7
CN_PPI_YOY,2023-01-01,-0.8
CN_PPI_YOY,2023-02-01,-1.4
CN_PPI_YOY,2023-03-01,-2.5
CN_PPI_YOY,2023-04-01,-3.6
CN_PPI_YOY,2023-05-01,-4.6
CN_PPI_YOY,2023-06-01,-5.4
CN_PPI_YOY,2023-07-01,-4.4
CN_PPI_YOY,2023-08-01,-3
CN_PPI_YOY,2023-09-01,-2.5
CN_PPI_YOY,2023-10-01,-2.6
CN_PPI_YOY,2023-11-01,-3
CN_PPI_YOY,2023-12-01,-2.7
CN_PPI_YOY,2024-01-01,-2.5
CN_PPI_YOY,2024-02-01,-2.7
CN_PPI_YOY,2024-03-01,-2.8
CN_PPI_YOY,2024-04-01,-2.5
CN_PPI_YOY,2024-05-01,-1.4
CN_PPI_YOY,2024-06-01,-0.8
CN_PPI_YOY,2024-07-01,-0.8
CN_PPI_YOY,2024-08-01,-1.8
CN_PPI_YOY,2024-09-01,-2.8
CN_PPI_YOY,2024-10-01,-2.9
CN_PPI_YOY,2024-11-01,-2.5
CN_PPI_YOY,2024-12-01,-2.3
CN_PPI_YOY,2025-01-01,-2.3
CN_PPI_YOY,2025-02-01,-2.2
CN_PPI_YOY,2025-03-01,-2.5
CN_PPI_YOY,2025-04-01,-2.7
CN_PPI_YOY,2025-05-01,-3.3
CN_PPI_YOY,2025-06-01,-3.6
CN_PPI_YOY,2025-07-01,-3.6
CN_PPI_YOY,2025-08-01,-2.9
CN_PPI_YOY,2025-09-01,-2.3
CN_PPI_YOY,2025-10-01,-2.1
CN_PPI_YOY,2025-11-01,-2.2
CN_PPI_YOY,2025-12-01,-1.9
CN_PPI_YOY,2026-01-01,-1.4
CN_PPI_YOY,2026-02-01,-0.9
CN_PPI_YOY,2026-03-01,0.5
CN_PPI_YOY,2026-04-01,2.8
CN_PPI_YOY,2026-05-01,3.9
CN_PPI_YOY,2026-06-01,4.1
CN_RETAIL_YOY,2008-01-01,21.2
CN_RETAIL_YOY,2008-02-01,19.1
CN_RETAIL_YOY,2008-03-01,21.5
CN_RETAIL_YOY,2008-04-01,22
CN_RETAIL_YOY,2008-05-01,21.6
CN_RETAIL_YOY,2008-06-01,23
CN_RETAIL_YOY,2008-07-01,23.3
CN_RETAIL_YOY,2008-08-01,23.2
CN_RETAIL_YOY,2008-09-01,23.2
CN_RETAIL_YOY,2008-10-01,22
CN_RETAIL_YOY,2008-11-01,20.8
CN_RETAIL_YOY,2008-12-01,19
CN_RETAIL_YOY,2009-01-01,18.5
CN_RETAIL_YOY,2009-02-01,11.6
CN_RETAIL_YOY,2009-03-01,14.7
CN_RETAIL_YOY,2009-04-01,14.8
CN_RETAIL_YOY,2009-05-01,15.2
CN_RETAIL_YOY,2009-06-01,15
CN_RETAIL_YOY,2009-07-01,15.2
CN_RETAIL_YOY,2009-08-01,15.4
CN_RETAIL_YOY,2009-09-01,15.5
CN_RETAIL_YOY,2009-10-01,16.2
CN_RETAIL_YOY,2009-11-01,15.8
CN_RETAIL_YOY,2009-12-01,17.5
CN_RETAIL_YOY,2010-01-01,14
CN_RETAIL_YOY,2010-02-01,22.1
CN_RETAIL_YOY,2010-03-01,18
CN_RETAIL_YOY,2010-04-01,18.5
CN_RETAIL_YOY,2010-05-01,18.7
CN_RETAIL_YOY,2010-06-01,18.3
CN_RETAIL_YOY,2010-07-01,17.9
CN_RETAIL_YOY,2010-08-01,18.4
CN_RETAIL_YOY,2010-09-01,18.8
CN_RETAIL_YOY,2010-10-01,18.6
CN_RETAIL_YOY,2010-11-01,18.7
CN_RETAIL_YOY,2010-12-01,19.1
CN_RETAIL_YOY,2011-01-01,19.9
CN_RETAIL_YOY,2011-02-01,11.6
CN_RETAIL_YOY,2011-03-01,17.4
CN_RETAIL_YOY,2011-04-01,17.1
CN_RETAIL_YOY,2011-05-01,16.9
CN_RETAIL_YOY,2011-06-01,17.7
CN_RETAIL_YOY,2011-07-01,17.2
CN_RETAIL_YOY,2011-08-01,17
CN_RETAIL_YOY,2011-09-01,17.7
CN_RETAIL_YOY,2011-10-01,17.2
CN_RETAIL_YOY,2011-11-01,17.3
CN_RETAIL_YOY,2011-12-01,18.1
CN_RETAIL_YOY,2012-03-01,15.2
CN_RETAIL_YOY,2012-04-01,14.1
CN_RETAIL_YOY,2012-05-01,13.8
CN_RETAIL_YOY,2012-06-01,13.7
CN_RETAIL_YOY,2012-07-01,13.1
CN_RETAIL_YOY,2012-08-01,13.2
CN_RETAIL_YOY,2012-09-01,14.2
CN_RETAIL_YOY,2012-10-01,14.5
CN_RETAIL_YOY,2012-11-01,14.9
CN_RETAIL_YOY,2012-12-01,15.2
CN_RETAIL_YOY,2013-03-01,12.6
CN_RETAIL_YOY,2013-04-01,12.8
CN_RETAIL_YOY,2013-05-01,12.9
CN_RETAIL_YOY,2013-06-01,13.3
CN_RETAIL_YOY,2013-07-01,13.2
CN_RETAIL_YOY,2013-08-01,13.4
CN_RETAIL_YOY,2013-09-01,13.3
CN_RETAIL_YOY,2013-10-01,13.3
CN_RETAIL_YOY,2013-11-01,13.7
CN_RETAIL_YOY,2013-12-01,13.6
CN_RETAIL_YOY,2014-03-01,12.2
CN_RETAIL_YOY,2014-04-01,11.9
CN_RETAIL_YOY,2014-05-01,12.5
CN_RETAIL_YOY,2014-06-01,12.4
CN_RETAIL_YOY,2014-07-01,12.2
CN_RETAIL_YOY,2014-08-01,11.9
CN_RETAIL_YOY,2014-09-01,11.6
CN_RETAIL_YOY,2014-10-01,11.5
CN_RETAIL_YOY,2014-11-01,11.7
CN_RETAIL_YOY,2014-12-01,11.9
CN_RETAIL_YOY,2015-03-01,10.2
CN_RETAIL_YOY,2015-04-01,10
CN_RETAIL_YOY,2015-05-01,10.1
CN_RETAIL_YOY,2015-06-01,10.6
CN_RETAIL_YOY,2015-07-01,10.5
CN_RETAIL_YOY,2015-08-01,10.8
CN_RETAIL_YOY,2015-09-01,10.9
CN_RETAIL_YOY,2015-10-01,11
CN_RETAIL_YOY,2015-11-01,11.2
CN_RETAIL_YOY,2015-12-01,11.1
CN_RETAIL_YOY,2016-03-01,10.5
CN_RETAIL_YOY,2016-04-01,10.1
CN_RETAIL_YOY,2016-05-01,10
CN_RETAIL_YOY,2016-06-01,10.6
CN_RETAIL_YOY,2016-07-01,10.2
CN_RETAIL_YOY,2016-08-01,10.6
CN_RETAIL_YOY,2016-09-01,10.7
CN_RETAIL_YOY,2016-10-01,10
CN_RETAIL_YOY,2016-11-01,10.8
CN_RETAIL_YOY,2016-12-01,10.9
CN_RETAIL_YOY,2017-03-01,10.9
CN_RETAIL_YOY,2017-04-01,10.7
CN_RETAIL_YOY,2017-05-01,10.7
CN_RETAIL_YOY,2017-06-01,11
CN_RETAIL_YOY,2017-07-01,10.4
CN_RETAIL_YOY,2017-08-01,10.1
CN_RETAIL_YOY,2017-09-01,10.3
CN_RETAIL_YOY,2017-10-01,10
CN_RETAIL_YOY,2017-11-01,10.2
CN_RETAIL_YOY,2017-12-01,9.4
CN_RETAIL_YOY,2018-03-01,10.1
CN_RETAIL_YOY,2018-04-01,9.4
CN_RETAIL_YOY,2018-05-01,8.5
CN_RETAIL_YOY,2018-06-01,9
CN_RETAIL_YOY,2018-07-01,8.8
CN_RETAIL_YOY,2018-08-01,9
CN_RETAIL_YOY,2018-09-01,9.2
CN_RETAIL_YOY,2018-10-01,8.6
CN_RETAIL_YOY,2018-11-01,8.1
CN_RETAIL_YOY,2018-12-01,8.2
CN_RETAIL_YOY,2019-03-01,8.7
CN_RETAIL_YOY,2019-04-01,7.2
CN_RETAIL_YOY,2019-05-01,8.6
CN_RETAIL_YOY,2019-06-01,9.8
CN_RETAIL_YOY,2019-07-01,7.6
CN_RETAIL_YOY,2019-08-01,7.5
CN_RETAIL_YOY,2019-09-01,7.8
CN_RETAIL_YOY,2019-10-01,7.2
CN_RETAIL_YOY,2019-11-01,8
CN_RETAIL_YOY,2019-12-01,8
CN_RETAIL_YOY,2020-03-01,-15.8
CN_RETAIL_YOY,2020-04-01,-7.5
CN_RETAIL_YOY,2020-05-01,-2.8
CN_RETAIL_YOY,2020-06-01,-1.8
CN_RETAIL_YOY,2020-07-01,-1.1
CN_RETAIL_YOY,2020-08-01,0.5
CN_RETAIL_YOY,2020-09-01,3.3
CN_RETAIL_YOY,2020-10-01,4.3
CN_RETAIL_YOY,2020-11-01,5
CN_RETAIL_YOY,2020-12-01,4.6
CN_RETAIL_YOY,2021-03-01,34.2
CN_RETAIL_YOY,2021-04-01,17.7
CN_RETAIL_YOY,2021-05-01,12.4
CN_RETAIL_YOY,2021-06-01,12.1
CN_RETAIL_YOY,2021-07-01,8.5
CN_RETAIL_YOY,2021-08-01,2.5
CN_RETAIL_YOY,2021-09-01,4.4
CN_RETAIL_YOY,2021-10-01,4.9
CN_RETAIL_YOY,2021-11-01,3.9
CN_RETAIL_YOY,2021-12-01,1.7
CN_RETAIL_YOY,2022-03-01,-3.5
CN_RETAIL_YOY,2022-04-01,-11.1
CN_RETAIL_YOY,2022-05-01,-6.7
CN_RETAIL_YOY,2022-06-01,3.1
CN_RETAIL_YOY,2022-07-01,2.7
CN_RETAIL_YOY,2022-08-01,5.4
CN_RETAIL_YOY,2022-09-01,2.5
CN_RETAIL_YOY,2022-10-01,-0.5
CN_RETAIL_YOY,2022-11-01,-5.9
CN_RETAIL_YOY,2022-12-01,-1.8
CN_RETAIL_YOY,2023-03-01,10.6
CN_RETAIL_YOY,2023-04-01,18.4
CN_RETAIL_YOY,2023-05-01,12.7
CN_RETAIL_YOY,2023-06-01,3.1
CN_RETAIL_YOY,2023-07-01,2.5
CN_RETAIL_YOY,2023-08-01,4.6
CN_RETAIL_YOY,2023-09-01,5.5
CN_RETAIL_YOY,2023-10-01,7.6
CN_RETAIL_YOY,2023-11-01,10.1
CN_RETAIL_YOY,2023-12-01,7.4
CN_RETAIL_YOY,2024-03-01,3.1
CN_RETAIL_YOY,2024-04-01,2.3
CN_RETAIL_YOY,2024-05-01,3.7
CN_RETAIL_YOY,2024-06-01,2
CN_RETAIL_YOY,2024-07-01,2.7
CN_RETAIL_YOY,2024-08-01,2.1
CN_RETAIL_YOY,2024-09-01,3.2
CN_RETAIL_YOY,2024-10-01,4.8
CN_RETAIL_YOY,2024-11-01,3
CN_RETAIL_YOY,2024-12-01,3.7
CN_RETAIL_YOY,2025-03-01,5.9
CN_RETAIL_YOY,2025-04-01,5.1
CN_RETAIL_YOY,2025-05-01,6.4
CN_RETAIL_YOY,2025-06-01,4.8
CN_RETAIL_YOY,2025-07-01,3.7
CN_RETAIL_YOY,2025-08-01,3.4
CN_RETAIL_YOY,2025-09-01,3
CN_RETAIL_YOY,2025-10-01,2.9
CN_RETAIL_YOY,2025-11-01,1.3
CN_RETAIL_YOY,2025-12-01,0.9
CN_RETAIL_YOY,2026-03-01,1.7
CN_RETAIL_YOY,2026-04-01,0.2
CN_RETAIL_YOY,2026-05-01,-0.6
CN_RETAIL_YOY,2026-06-01,1
CN_SF_INCREMENT,2015-01-01,20516
CN_SF_INCREMENT,2015-02-01,13609
CN_SF_INCREMENT,2015-03-01,12433
CN_SF_INCREMENT,2015-04-01,10582
CN_SF_INCREMENT,2015-05-01,12397
CN_SF_INCREMENT,2015-06-01,18384
CN_SF_INCREMENT,2015-07-01,7511
CN_SF_INCREMENT,2015-08-01,11097
CN_SF_INCREMENT,2015-09-01,13571
CN_SF_INCREMENT,2015-10-01,5593
CN_SF_INCREMENT,2015-11-01,10255
CN_SF_INCREMENT,2015-12-01,18114
CN_SF_INCREMENT,2016-01-01,34758
CN_SF_INCREMENT,2016-02-01,8312
CN_SF_INCREMENT,2016-03-01,23931
CN_SF_INCREMENT,2016-04-01,7809
CN_SF_INCREMENT,2016-05-01,6770
CN_SF_INCREMENT,2016-06-01,16479
CN_SF_INCREMENT,2016-07-01,4791
CN_SF_INCREMENT,2016-08-01,14605
CN_SF_INCREMENT,2016-09-01,17115
CN_SF_INCREMENT,2016-10-01,8865
CN_SF_INCREMENT,2016-11-01,18328
CN_SF_INCREMENT,2016-12-01,16397
CN_SF_INCREMENT,2017-01-01,36970
CN_SF_INCREMENT,2017-02-01,10908
CN_SF_INCREMENT,2017-03-01,21186
CN_SF_INCREMENT,2017-04-01,13880
CN_SF_INCREMENT,2017-05-01,10631
CN_SF_INCREMENT,2017-06-01,17718
CN_SF_INCREMENT,2017-07-01,11956
CN_SF_INCREMENT,2017-08-01,14895
CN_SF_INCREMENT,2017-09-01,18335
CN_SF_INCREMENT,2017-10-01,10357
CN_SF_INCREMENT,2017-11-01,16128
CN_SF_INCREMENT,2017-12-01,11481
CN_SF_INCREMENT,2018-01-01,30793
CN_SF_INCREMENT,2018-02-01,11894
CN_SF_INCREMENT,2018-03-01,15848
CN_SF_INCREMENT,2018-04-01,17761
CN_SF_INCREMENT,2018-05-01,9518
CN_SF_INCREMENT,2018-06-01,14877
CN_SF_INCREMENT,2018-07-01,12254
CN_SF_INCREMENT,2018-08-01,19391
CN_SF_INCREMENT,2018-09-01,21691
CN_SF_INCREMENT,2018-10-01,7420
CN_SF_INCREMENT,2018-11-01,15239
CN_SF_INCREMENT,2018-12-01,15898
CN_SF_INCREMENT,2019-01-01,46791
CN_SF_INCREMENT,2019-02-01,9665
CN_SF_INCREMENT,2019-03-01,29602
CN_SF_INCREMENT,2019-04-01,16710
CN_SF_INCREMENT,2019-05-01,17124
CN_SF_INCREMENT,2019-06-01,26243
CN_SF_INCREMENT,2019-07-01,12872
CN_SF_INCREMENT,2019-08-01,21956
CN_SF_INCREMENT,2019-09-01,25142
CN_SF_INCREMENT,2019-10-01,8680
CN_SF_INCREMENT,2019-11-01,19937
CN_SF_INCREMENT,2019-12-01,22013
CN_SF_INCREMENT,2020-01-01,50535
CN_SF_INCREMENT,2020-02-01,8737
CN_SF_INCREMENT,2020-03-01,51838
CN_SF_INCREMENT,2020-04-01,31027
CN_SF_INCREMENT,2020-05-01,31866
CN_SF_INCREMENT,2020-06-01,34681
CN_SF_INCREMENT,2020-07-01,16928
CN_SF_INCREMENT,2020-08-01,35853
CN_SF_INCREMENT,2020-09-01,34693
CN_SF_INCREMENT,2020-10-01,13929
CN_SF_INCREMENT,2020-11-01,21355
CN_SF_INCREMENT,2020-12-01,17192
CN_SF_INCREMENT,2021-01-01,51884
CN_SF_INCREMENT,2021-02-01,17243
CN_SF_INCREMENT,2021-03-01,33762
CN_SF_INCREMENT,2021-04-01,18570
CN_SF_INCREMENT,2021-05-01,19522
CN_SF_INCREMENT,2021-06-01,37017
CN_SF_INCREMENT,2021-07-01,10752
CN_SF_INCREMENT,2021-08-01,29893
CN_SF_INCREMENT,2021-09-01,29026
CN_SF_INCREMENT,2021-10-01,16176
CN_SF_INCREMENT,2021-11-01,25983
CN_SF_INCREMENT,2021-12-01,23682
CN_SF_INCREMENT,2022-01-01,61759
CN_SF_INCREMENT,2022-02-01,12170
CN_SF_INCREMENT,2022-03-01,46565
CN_SF_INCREMENT,2022-04-01,9327
CN_SF_INCREMENT,2022-05-01,28415
CN_SF_INCREMENT,2022-06-01,51926
CN_SF_INCREMENT,2022-07-01,7785
CN_SF_INCREMENT,2022-08-01,24712
CN_SF_INCREMENT,2022-09-01,35411
CN_SF_INCREMENT,2022-10-01,9134
CN_SF_INCREMENT,2022-11-01,19837
CN_SF_INCREMENT,2022-12-01,13058
CN_SF_INCREMENT,2023-01-01,59956
CN_SF_INCREMENT,2023-02-01,31610
CN_SF_INCREMENT,2023-03-01,53867
CN_SF_INCREMENT,2023-04-01,12249
CN_SF_INCREMENT,2023-05-01,15560
CN_SF_INCREMENT,2023-06-01,42265
CN_SF_INCREMENT,2023-07-01,5366
CN_SF_INCREMENT,2023-08-01,31279
CN_SF_INCREMENT,2023-09-01,41326
CN_SF_INCREMENT,2023-10-01,18441
CN_SF_INCREMENT,2023-11-01,24554
CN_SF_INCREMENT,2023-12-01,19401
CN_SF_INCREMENT,2024-01-01,64734
CN_SF_INCREMENT,2024-02-01,14959
CN_SF_INCREMENT,2024-03-01,48335
CN_SF_INCREMENT,2024-04-01,-658
CN_SF_INCREMENT,2024-05-01,20623
CN_SF_INCREMENT,2024-06-01,32985
CN_SF_INCREMENT,2024-07-01,7707
CN_SF_INCREMENT,2024-08-01,30323
CN_SF_INCREMENT,2024-09-01,37635
CN_SF_INCREMENT,2024-10-01,14120
CN_SF_INCREMENT,2024-11-01,23288
CN_SF_INCREMENT,2024-12-01,28507
CN_SF_INCREMENT,2025-01-01,70546
CN_SF_INCREMENT,2025-02-01,22331
CN_SF_INCREMENT,2025-03-01,58961
CN_SF_INCREMENT,2025-04-01,11599
CN_SF_INCREMENT,2025-05-01,22900
CN_SF_INCREMENT,2025-06-01,42251
CN_SF_INCREMENT,2025-07-01,11307
CN_SF_INCREMENT,2025-08-01,25660
CN_SF_INCREMENT,2025-09-01,35299
CN_SF_INCREMENT,2025-10-01,8178
CN_SF_INCREMENT,2025-11-01,24926
CN_SF_INCREMENT,2025-12-01,22075
CN_SF_INCREMENT,2026-01-01,72185
CN_SF_INCREMENT,2026-02-01,23837
CN_SF_INCREMENT,2026-03-01,52240
CN_SF_INCREMENT,2026-04-01,6245
